Mutacija,Pozicija,Vrijednost
I,107,C
I,108,C
I,109,C
I,110,T
I,112,T
I,113,C
I,114,G
I,116,A
I,117,A
I,124,T
D,127,-
D,142,-
D,143,-
I,146,T
I,147,G
I,149,C
D,151,-
D,157,-
D,158,-
D,159,-
I,160,A
D,163,-
D,165,-
I,166,A
I,167,A
D,169,-
I,171,C
I,173,G
D,176,-
D,178,-
I,181,G
D,183,-
D,184,-
D,185,-
D,186,-
I,188,T
I,189,G
D,190,-
I,190,A
D,191,-
I,191,T
D,192,-
D,200,-
D,201,-
D,208,-
D,211,-
D,212,-
I,215,G
D,225,-
I,226,A
D,230,-
D,241,-
I,242,C
D,244,-
I,245,T
D,248,-
I,249,C
I,252,T
D,257,-
D,258,-
D,263,-
I,266,G
D,268,-
I,269,G
D,277,-
D,278,-
D,290,-
I,291,T
D,363,-
D,365,-
I,366,T
I,367,G
D,370,-
I,373,C
D,376,-
I,380,T
I,382,C
I,383,C
I,387,C
I,389,A
I,391,G
I,392,G
I,393,T
I,394,G
D,400,-
D,401,-
D,417,-
D,418,-
D,432,-
I,433,C
D,444,-
D,445,-
D,447,-
D,449,-
D,450,-
D,451,-
D,471,-
I,473,G
I,487,A
I,499,G
D,502,-
I,503,G
I,507,A
I,508,A
D,512,-
D,513,-
I,516,C
I,517,C
D,520,-
D,522,-
D,524,-
I,527,C
D,532,-
I,534,T
D,559,-
D,561,-
D,562,-
D,564,-
D,565,-
D,567,-
D,568,-
D,570,-
D,573,-
D,575,-
D,576,-
I,585,T
D,587,-
D,588,-
D,589,-
D,590,-
I,591,A
D,629,-
I,630,T
D,636,-
I,642,T
D,672,-
D,674,-
D,675,-
I,676,T
I,677,T
D,680,-
D,681,-
D,694,-
D,695,-
I,698,C
D,700,-
D,701,-
D,702,-
I,705,A
I,707,A
I,709,A
I,710,C
I,712,C
I,713,C
D,715,-
D,716,-
D,726,-
I,727,A
D,730,-
D,734,-
I,735,A
I,744,A
I,747,C
I,748,A
I,755,T
I,756,T
D,759,-
I,762,G
D,764,-
D,765,-
I,770,C
I,771,A
I,774,C
I,776,T
I,777,G
D,789,-
D,802,-
I,803,C
I,844,T
I,845,T
I,870,C
D,872,-
D,887,-
I,889,A
I,894,A
I,896,T
I,897,T
I,899,T
I,900,A
I,903,C
I,905,C
I,906,C
D,908,-
D,909,-
D,913,-
D,914,-
D,917,-
D,919,-
I,921,G
D,924,-
D,925,-
D,930,-
I,931,A
D,933,-
D,936,-
D,938,-
D,940,-
D,943,-
D,944,-
D,945,-
I,947,T
D,951,-
D,952,-
D,953,-
D,955,-
D,957,-
D,961,-
D,962,-
I,969,G
I,970,C
I,972,T
D,975,-
D,977,-
D,981,-
I,982,C
D,986,-
I,987,G
D,990,-
I,991,A
D,994,-
D,1003,-
D,1005,-
I,1006,C
D,1008,-
I,1017,A
I,1019,T
D,1045,-
I,1063,A
D,1124,-
D,1125,-
I,1131,A
I,1132,A
D,1148,-
I,1165,A
D,1195,-
I,1205,G
D,1207,-
I,1209,C
I,1211,T
I,1212,G
D,1214,-
D,1228,-
I,1230,G
D,1273,-
D,1274,-
D,1275,-
D,1278,-
D,1279,-
D,1281,-
I,1290,T
I,1291,G
I,1292,G
D,1295,-
D,1296,-
I,1299,G
I,1300,C
I,1301,C
I,1310,G
I,1313,A
I,1337,A
D,1387,-
I,1388,C
D,1396,-
D,1401,-
I,1425,G
D,1427,-
D,1454,-
D,1458,-
D,1459,-
I,1460,G
D,1484,-
D,1485,-
I,1486,A
I,1487,T
D,1489,-
D,1536,-
I,1537,C
D,1539,-
I,1542,G
D,1544,-
D,1546,-
I,1547,A
D,1549,-
D,1552,-
D,1556,-
I,1557,A
D,1559,-
I,1560,G
I,1564,T
I,1566,C
I,1567,A
D,1571,-
D,1572,-
D,1577,-
D,1585,-
D,1587,-
I,1590,G
I,1591,G
I,1592,G
D,1607,-
I,1609,T
D,1624,-
I,1625,T
I,1640,T
D,1642,-
D,1652,-
D,1653,-
D,1654,-
D,1655,-
I,1657,C
I,1658,C
D,1660,-
I,1674,A
I,1683,G
I,1685,C
I,1688,T
I,1689,T
D,1691,-
D,1692,-
I,1709,T
D,1712,-
I,1714,A
D,1716,-
D,1735,-
I,1737,T
D,1739,-
I,1740,T
D,1806,-
D,1807,-
D,1808,-
D,1814,-
D,1818,-
D,1821,-
D,1822,-
I,1823,G
I,1824,G
I,1850,T
D,1855,-
D,1857,-
I,1858,C
D,1868,-
I,1876,G
I,1877,G
D,1882,-
I,1884,G
D,1899,-
D,1901,-
D,1902,-
D,1904,-
I,1927,G
I,1928,C
I,1929,A
I,1930,G
D,1968,-
D,1970,-
D,1971,-
D,1973,-
I,1976,T
D,1978,-
D,1983,-
I,1985,A
D,1988,-
I,1991,T
I,1992,G
I,1996,T
I,1997,C
I,1998,T
I,2001,G
D,2003,-
D,2011,-
I,2012,A
D,2014,-
D,2028,-
I,2029,A
I,2039,A
D,2043,-
I,2044,T
D,2078,-
D,2079,-
I,2081,G
D,2084,-
I,2085,T
D,2101,-
I,2102,C
I,2104,C
D,2109,-
D,2110,-
D,2117,-
D,2118,-
I,2120,C
I,2121,C
D,2150,-
D,2152,-
I,2153,C
I,2154,C
D,2157,-
D,2159,-
I,2160,C
D,2163,-
D,2192,-
D,2193,-
D,2195,-
D,2196,-
D,2199,-
D,2205,-
I,2206,C
I,2207,A
I,2216,A
I,2217,A
D,2219,-
D,2222,-
D,2236,-
I,2237,A
I,2238,A
I,2243,G
D,2246,-
D,2249,-
I,2254,A
D,2257,-
D,2258,-
D,2259,-
I,2262,T
I,2263,C
D,2272,-
D,2289,-
D,2292,-
I,2294,C
I,2295,A
I,2296,A
D,2298,-
I,2320,G
I,2321,G
I,2322,G
I,2323,G
D,2325,-
D,2326,-
I,2327,T
I,2329,A
I,2330,A
I,2332,C
D,2334,-
I,2335,A
D,2338,-
D,2345,-
D,2348,-
I,2349,T
I,2359,G
D,2361,-
D,2366,-
D,2447,-
I,2448,T
I,2459,A
D,2477,-
I,2478,A
I,2480,A
I,2483,G
I,2488,C
I,2491,G
D,2495,-
D,2496,-
D,2499,-
D,2513,-
I,2514,T
I,2568,C
D,2570,-
D,2583,-
I,2585,C
I,2591,G
I,2593,A
I,2594,A
I,2595,A
D,2621,-
D,2624,-
I,2627,C
D,2631,-
D,2632,-
D,2633,-
I,2669,G
I,2670,T
D,2693,-
D,2694,-
I,2702,G
I,2704,G
D,2707,-
I,2708,G
D,2714,-
D,2715,-
I,2754,G
I,2755,C
D,2779,-
D,2795,-
I,2796,T
D,2809,-
D,2810,-
I,2816,C
D,2818,-
I,2842,A
I,2843,A
D,2853,-
D,2854,-
D,2857,-
D,2865,-
D,2869,-
I,2872,C
D,2882,-
I,2883,C
D,2894,-
D,2918,-
D,2968,-
D,2970,-
D,2993,-
I,2994,C
D,3003,-
D,3005,-
D,3007,-
I,3036,C
I,3037,G
I,3038,A
D,3060,-
I,3061,A
D,3121,-
D,3150,-
I,3151,A
D,3170,-
D,3171,-
I,3172,C
D,3181,-
D,3182,-
D,3184,-
D,3185,-
D,3202,-
D,3206,-
I,3208,T
I,3211,C
I,3212,C
I,3214,C
D,3216,-
I,3228,A
I,3229,A
D,3264,-
D,3265,-
D,3284,-
D,3297,-
I,3300,C
I,3307,C
D,3346,-
I,3347,A
D,3359,-
I,3360,A
I,3362,C
I,3363,C
D,3367,-
I,3368,T
I,3376,G
I,3377,T
D,3379,-
D,3380,-
D,3381,-
I,3385,T
I,3417,G
D,3425,-
D,3426,-
D,3439,-
I,3440,A
I,3458,T
I,3476,T
D,3478,-
D,3488,-
D,3494,-
I,3495,T
I,3499,T
I,3502,T
D,3504,-
I,3508,G
I,3509,T
I,3510,G
D,3514,-
I,3517,T
D,3579,-
D,3580,-
D,3590,-
I,3622,T
I,3624,C
D,3628,-
D,3658,-
I,3679,T
I,3680,A
D,3686,-
D,3687,-
I,3693,T
I,3694,A
D,3698,-
D,3702,-
I,3704,C
I,3705,A
I,3706,A
I,3730,G
I,3732,C
D,3779,-
I,3784,G
D,3795,-
D,3805,-
D,3806,-
D,3807,-
D,3808,-
I,3822,A
D,3828,-
D,3842,-
I,3844,C
D,3846,-
I,3847,G
I,3889,A
I,3890,A
D,3892,-
I,3893,T
D,3898,-
D,3899,-
I,3913,T
D,3915,-
D,3922,-
D,3940,-
D,3941,-
I,3945,G
I,3947,A
I,3951,A
D,3961,-
I,3962,A
I,3963,T
I,3965,A
I,3967,G
D,3994,-
I,3996,T
I,3997,A
I,3998,T
I,3999,T
D,4022,-
I,4023,C
D,4036,-
D,4042,-
I,4043,T
D,4055,-
I,4056,T
I,4065,C
I,4066,C
I,4074,C
D,4076,-
I,4078,G
I,4079,G
D,4092,-
I,4095,C
I,4096,C
I,4098,T
I,4123,T
I,4126,A
I,4127,T
I,4136,G
I,4142,C
D,4144,-
D,4165,-
D,4166,-
D,4167,-
D,4169,-
I,4171,T
I,4173,A
I,4175,A
I,4176,C
I,4177,A
D,4180,-
I,4185,T
D,4188,-
D,4189,-
D,4190,-
D,4194,-
I,4197,T
I,4198,G
I,4199,T
I,4201,G
I,4204,A
D,4206,-
D,4207,-
D,4235,-
D,4236,-
D,4265,-
D,4267,-
D,4271,-
I,4272,T
D,4279,-
I,4280,A
D,4283,-
D,4284,-
D,4285,-
I,4288,A
I,4290,G
D,4292,-
D,4293,-
D,4296,-
I,4298,C
I,4301,T
I,4307,A
D,4309,-
D,4310,-
I,4313,G
D,4388,-
D,4437,-
I,4439,C
I,4447,A
D,4469,-
D,4470,-
I,4491,C
D,4496,-
D,4497,-
D,4501,-
D,4504,-
D,4630,-
D,4631,-
I,4644,C
I,4645,A
D,4655,-
D,4658,-
D,4660,-
I,4661,C
I,4662,C
I,4671,A
D,4678,-
I,4680,T
D,4715,-
D,4748,-
I,4750,T
D,4771,-
D,4852,-
I,4854,C
D,4862,-
D,4867,-
I,4868,A
I,4879,A
D,4894,-
D,4901,-
I,4916,C
D,4955,-
I,4957,G
I,4958,A
D,4973,-
I,4975,C
I,4977,G
I,4978,G
D,4985,-
I,4986,A
I,4989,T
I,4990,T
I,4991,G
D,4995,-
D,4996,-
D,4997,-
D,4999,-
I,5003,G
D,5006,-
I,5022,T
I,5027,G
D,5029,-
I,5034,A
D,5038,-
D,5063,-
I,5064,A
D,5081,-
I,5082,T
D,5084,-
D,5085,-
D,5086,-
D,5089,-
D,5090,-
I,5091,T
D,5094,-
I,5095,G
I,5096,G
D,5099,-
I,5100,G
I,5103,G
I,5104,T
I,5106,G
I,5110,C
D,5113,-
D,5114,-
D,5116,-
D,5117,-
D,5119,-
I,5124,T
D,5128,-
I,5130,C
I,5131,G
I,5132,C
I,5163,A
D,5165,-
D,5166,-
D,5167,-
D,5168,-
D,5169,-
D,5170,-
D,5171,-
D,5172,-
D,5176,-
D,5177,-
D,5181,-
D,5183,-
I,5184,A
I,5185,A
I,5190,A
I,5192,T
I,5195,A
I,5196,T
I,5197,A
I,5198,T
I,5200,G
I,5201,T
D,5209,-
D,5211,-
I,5212,G
I,5213,A
I,5214,G
D,5266,-
D,5305,-
D,5308,-
D,5309,-
D,5310,-
D,5311,-
I,5348,C
I,5349,C
D,5352,-
I,5356,G
D,5358,-
D,5359,-
D,5365,-
D,5383,-
D,5384,-
I,5387,C
I,5388,C
I,5393,C
D,5397,-
D,5398,-
I,5401,T
I,5402,T
I,5489,G
D,5492,-
D,5495,-
D,5496,-
D,5497,-
I,5515,T
I,5517,A
I,5521,T
I,5522,C
D,5524,-
D,5526,-
D,5532,-
I,5534,A
D,5541,-
D,5542,-
D,5543,-
I,5544,C
I,5545,C
I,5547,A
I,5550,A
I,5552,A
D,5557,-
I,5560,C
I,5584,C
I,5585,C
I,5586,G
I,5587,T
I,5588,G
I,5590,A
I,5591,A
I,5592,A
D,5616,-
I,5617,T
I,5619,G
D,5621,-
D,5622,-
D,5624,-
D,5627,-
D,5628,-
I,5629,C
D,5635,-
I,5678,C
D,5680,-
D,5681,-
I,5683,C
I,5692,G
I,5694,A
D,5705,-
D,5706,-
D,5752,-
I,5753,T
D,5760,-
D,5790,-
I,5791,A
D,5809,-
D,5810,-
I,5812,T
I,5813,G
I,5817,A
I,5819,A
I,5821,G
D,5823,-
I,5824,T
I,5830,T
D,5838,-
I,5846,A
I,5922,T
D,5932,-
I,5933,A
D,5975,-
I,6010,A
D,6038,-
D,6039,-
I,6050,C
I,6051,G
D,6053,-
I,6054,A
D,6075,-
I,6076,T
D,6094,-
I,6095,C
I,6098,G
I,6099,G
I,6107,G
D,6118,-
D,6119,-
D,6120,-
I,6123,T
D,6126,-
D,6133,-
D,6134,-
I,6183,T
D,6195,-
I,6206,G
D,6208,-
I,6209,A
D,6211,-
D,6214,-
D,6215,-
D,6216,-
I,6221,T
I,6223,C
I,6226,G
D,6229,-
I,6231,G
I,6232,G
I,6233,G
I,6234,T
D,6244,-
D,6284,-
I,6285,T
D,6295,-
D,6296,-
I,6300,A
I,6301,G
I,6303,C
I,6304,T
I,6308,C
D,6310,-
D,6313,-
D,6336,-
D,6338,-
I,6399,A
D,6402,-
D,6427,-
I,6436,C
D,6438,-
D,6441,-
I,6442,T
I,6443,C
D,6446,-
D,6447,-
D,6452,-
I,6454,G
I,6455,A
I,6464,C
D,6466,-
I,6507,C
I,6508,C
I,6509,T
D,6514,-
I,6533,A
D,6549,-
D,6550,-
D,6568,-
I,6570,T
D,6572,-
D,6575,-
D,6576,-
D,6577,-
I,6579,A
I,6581,T
I,6593,T
I,6594,A
I,6596,C
I,6597,A
I,6598,T
I,6601,G
I,6611,A
D,6683,-
D,6684,-
D,6688,-
I,6783,T
I,6795,T
I,6796,G
I,6797,A
I,6798,T
I,6800,T
I,6801,C
I,6807,T
D,6809,-
D,6812,-
I,6816,A
D,6821,-
D,6822,-
D,6823,-
D,6824,-
D,6826,-
D,6827,-
D,6829,-
D,6830,-
I,6831,T
D,6833,-
I,6836,A
I,6837,G
I,6858,G
I,6860,A
D,6867,-
D,6868,-
I,6869,C
I,6872,T
D,6875,-
D,6876,-
D,6889,-
I,6891,C
D,6925,-
I,6928,G
I,6929,A
D,6931,-
D,6932,-
D,6934,-
I,6935,G
D,6945,-
I,6946,T
D,6960,-
D,6961,-
I,6969,G
I,6972,T
I,6973,A
I,6974,G
I,6980,C
D,7024,-
I,7026,A
D,7085,-
I,7087,C
I,7102,G
D,7116,-
I,7118,T
I,7184,A
D,7186,-
D,7197,-
D,7203,-
I,7204,A
D,7209,-
I,7215,G
D,7222,-
I,7223,A
I,7232,T
D,7234,-
I,7242,A
D,7274,-
D,7275,-
I,7276,T
I,7277,T
D,7280,-
D,7281,-
I,7282,C
I,7286,A
I,7288,T
I,7289,G
I,7290,G
D,7300,-
I,7301,A
D,7303,-
D,7305,-
D,7307,-
D,7308,-
D,7309,-
I,7311,T
D,7321,-
D,7323,-
D,7325,-
D,7339,-
D,7377,-
I,7378,T
I,7393,C
I,7395,T
I,7396,G
I,7398,A
I,7399,A
I,7400,A
D,7406,-
D,7430,-
I,7431,A
D,7436,-
D,7437,-
D,7438,-
D,7439,-
D,7443,-
I,7444,T
I,7446,G
I,7451,G
D,7453,-
D,7454,-
D,7456,-
D,7457,-
D,7458,-
D,7467,-
D,7506,-
D,7507,-
D,7509,-
D,7512,-
I,7515,G
I,7516,A
I,7517,A
I,7518,C
I,7519,C
D,7522,-
I,7525,T
I,7526,T
I,7527,T
I,7529,C
D,7544,-
D,7545,-
D,7546,-
I,7547,G
I,7558,T
D,7560,-
D,7565,-
I,7566,A
D,7574,-
I,7575,A
I,7580,C
I,7581,T
I,7582,T
I,7583,T
D,7586,-
I,7587,G
D,7596,-
D,7606,-
D,7609,-
I,7610,A
D,7615,-
I,7616,A
I,7619,T
I,7620,C
I,7622,G
I,7627,T
I,7629,A
D,7633,-
D,7635,-
D,7653,-
D,7655,-
D,7657,-
D,7658,-
I,7661,C
D,7664,-
I,7665,C
D,7668,-
I,7670,A
I,7671,C
I,7675,G
D,7677,-
I,7679,C
D,7685,-
D,7699,-
D,7700,-
I,7718,G
I,7725,T
D,7727,-
I,7729,T
D,7737,-
D,7744,-
I,7746,T
I,7747,C
I,7748,A
D,7752,-
D,7753,-
D,7753,-
D,7754,-
I,7754,G
I,7755,C
I,7756,C
I,7757,G
I,7758,C
I,7765,A
D,7768,-
D,7769,-
D,7771,-
D,7772,-
D,7773,-
D,7774,-
I,7775,T
I,7777,A
D,7787,-
I,7788,T
I,7789,T
D,7791,-
I,7792,A
I,7793,A
D,7795,-
D,7797,-
D,7802,-
D,7806,-
D,7807,-
I,7809,A
I,7810,T
D,7835,-
I,7871,A
D,7888,-
D,7892,-
D,7951,-
I,8064,T
I,8065,T
I,8067,A
D,8072,-
I,8073,A
D,8080,-
D,8081,-
D,8087,-
D,8092,-
I,8094,G
D,8121,-
D,8123,-
I,8125,T
I,8129,A
D,8131,-
D,8161,-
D,8162,-
I,8170,A
I,8171,C
I,8242,G
D,8298,-
I,8299,C
D,8337,-
D,8338,-
D,8343,-
D,8344,-
D,8347,-
D,8349,-
D,8350,-
D,8378,-
I,8380,T
D,8452,-
D,8453,-
D,8454,-
D,8456,-
D,8469,-
I,8494,C
D,8502,-
D,8503,-
D,8504,-
D,8505,-
I,8508,T
I,8515,G
I,8516,G
I,8517,A
D,8522,-
D,8526,-
I,8527,G
D,8530,-
I,8533,C
D,8538,-
I,8539,A
I,8541,A
I,8544,T
I,8546,C
I,8547,T
I,8552,T
I,8554,A
I,8566,G
I,8567,G
I,8569,A
I,8570,C
D,8576,-
D,8578,-
D,8579,-
D,8581,-
D,8649,-
I,8650,A
I,8651,T
I,8662,T
D,8664,-
D,8671,-
D,8672,-
I,8682,A
D,8703,-
I,8740,T
D,8770,-
I,8771,T
D,8788,-
D,8790,-
D,8815,-
I,8816,G
D,8819,-
D,8821,-
I,8823,G
I,8825,G
I,8826,A
D,8849,-
I,8860,G
D,8862,-
D,8871,-
I,8872,A
D,8877,-
I,8906,G
I,8907,T
I,8908,T
I,8910,C
D,8941,-
I,8952,G
D,8977,-
D,9012,-
I,9015,T
I,9017,A
D,9024,-
I,9025,T
D,9027,-
I,9028,C
I,9029,C
I,9030,A
D,9036,-
D,9038,-
D,9040,-
D,9042,-
D,9043,-
I,9060,G
D,9069,-
I,9071,C
D,9082,-
D,9086,-
D,9089,-
I,9090,T
I,9091,G
I,9094,G
D,9100,-
I,9103,A
D,9143,-
D,9144,-
D,9146,-
D,9152,-
D,9153,-
D,9156,-
D,9158,-
I,9159,C
I,9160,T
I,9161,T
I,9165,C
I,9166,A
I,9167,C
I,9171,T
I,9172,G
I,9173,T
D,9185,-
D,9186,-
I,9187,T
I,9190,C
D,9196,-
I,9197,A
D,9225,-
I,9227,T
D,9232,-
D,9234,-
D,9235,-
D,9237,-
I,9280,G
D,9282,-
I,9317,T
I,9318,G
D,9358,-
D,9365,-
D,9368,-
D,9378,-
D,9379,-
D,9380,-
D,9381,-
D,9383,-
D,9385,-
I,9389,T
I,9405,T
I,9406,G
I,9411,T
I,9413,G
I,9414,G
I,9415,T
I,9416,C
I,9417,T
D,9423,-
I,9424,G
D,9433,-
I,9437,G
I,9439,T
D,9441,-
D,9442,-
D,9447,-
I,9450,T
D,9452,-
D,9455,-
D,9461,-
I,9462,T
I,9463,T
D,9467,-
D,9469,-
I,9471,A
I,9473,C
D,9478,-
I,9502,A
D,9504,-
D,9505,-
D,9506,-
I,9508,A
I,9510,A
I,9511,G
I,9512,G
D,9514,-
I,9521,G
D,9549,-
I,9551,T
I,9570,T
D,9573,-
I,9578,T
D,9580,-
D,9585,-
I,9595,C
D,9619,-
I,9627,C
I,9629,A
I,9638,A
D,9640,-
I,9642,G
D,9645,-
D,9655,-
D,9663,-
D,9664,-
I,9673,G
I,9674,T
D,9676,-
I,9678,C
I,9680,T
D,9683,-
D,9684,-
D,9701,-
D,9722,-
D,9729,-
I,9731,G
D,9741,-
D,9742,-
D,9744,-
D,9747,-
I,9750,T
I,9752,G
I,9754,C
I,9767,T
D,9771,-
I,9772,G
D,9774,-
D,9791,-
I,9793,G
I,9845,G
D,9847,-
D,9851,-
D,9889,-
D,9890,-
I,9891,A
I,9892,T
D,9918,-
D,9921,-
I,9950,T
D,9959,-
D,9960,-
D,9961,-
I,9963,G
I,9964,T
I,9965,C
D,9972,-
D,9973,-
I,9974,T
I,9976,G
D,9985,-
I,9986,T
D,9995,-
I,10013,C
D,10015,-
D,10020,-
I,10021,C
D,10025,-
I,10026,T
I,10033,A
D,10058,-
D,10069,-
I,10070,T
D,10075,-
D,10076,-
D,10081,-
I,10084,G
I,10085,G
I,10091,G
D,10098,-
D,10103,-
I,10108,A
I,10109,A
I,10110,G
D,10112,-
D,10112,-
I,10114,C
I,10115,C
I,10117,G
I,10118,A
D,10128,-
I,10130,G
I,10131,A
D,10168,-
D,10169,-
I,10170,A
I,10188,G
I,10193,C
I,10195,C
D,10197,-
D,10207,-
I,10208,T
I,10249,T
I,10250,C
I,10256,T
I,10257,G
D,10276,-
I,10279,C
D,10358,-
D,10374,-
I,10375,A
D,10380,-
D,10381,-
D,10387,-
D,10389,-
D,10390,-
D,10401,-
I,10403,A
I,10404,A
I,10405,A
D,10407,-
D,10408,-
I,10412,C
I,10416,G
I,10417,C
D,10423,-
D,10424,-
I,10426,C
D,10429,-
D,10431,-
D,10432,-
D,10433,-
I,10443,A
I,10449,C
D,10451,-
I,10452,C
I,10453,G
D,10460,-
D,10463,-
I,10464,A
D,10466,-
D,10467,-
D,10468,-
D,10472,-
I,10475,A
I,10476,C
I,10477,T
I,10479,A
I,10481,G
I,10518,G
I,10520,A
D,10535,-
D,10536,-
D,10537,-
D,10559,-
I,10560,T
I,10600,T
I,10601,T
I,10602,T
I,10603,G
I,10604,A
I,10609,A
D,10614,-
D,10616,-
D,10617,-
D,10618,-
I,10620,A
D,10630,-
D,10632,-
D,10633,-
D,10638,-
I,10657,C
D,10659,-
D,10667,-
I,10668,T
D,10750,-
I,10752,A
D,10786,-
I,10787,T
D,10796,-
I,10797,A
D,10836,-
D,10837,-
D,10838,-
D,10872,-
D,10873,-
D,10879,-
D,10881,-
D,10882,-
I,10884,A
I,10885,G
I,10896,T
I,10898,A
I,10901,C
D,10908,-
D,10910,-
D,10952,-
D,10954,-
D,10957,-
I,10958,A
D,10966,-
I,10985,C
D,10987,-
D,11001,-
I,11007,T
D,11011,-
D,11039,-
D,11070,-
D,11149,-
D,11176,-
I,11177,G
I,11178,G
I,11180,A
I,11181,G
D,11183,-
D,11185,-
D,11186,-
D,11188,-
I,11191,G
D,11193,-
I,11196,T
D,11233,-
I,11280,T
I,11282,A
D,11293,-
D,11294,-
D,11295,-
D,11298,-
D,11301,-
I,11302,C
I,11305,C
D,11310,-
I,11311,A
I,11312,A
D,11314,-
D,11324,-
I,11325,T
D,11328,-
D,11329,-
I,11335,T
I,11336,T
I,11364,A
I,11365,T
D,11374,-
I,11395,T
I,11396,G
I,11398,A
I,11400,G
D,11404,-
I,11407,A
D,11417,-
I,11418,T
D,11554,-
D,11563,-
I,11580,G
I,11581,C
I,11602,T
D,11604,-
D,11605,-
D,11623,-
D,11624,-
D,11625,-
I,11626,C
I,11627,T
I,11629,C
D,11634,-
D,11636,-
D,11639,-
D,11648,-
I,11651,C
D,11654,-
D,11655,-
I,11657,G
I,11658,C
D,11677,-
I,11678,T
I,11679,T
D,11681,-
D,11687,-
D,11688,-
D,11693,-
D,11694,-
I,11697,T
I,11703,T
I,11704,G
I,11705,G
D,11712,-
I,11715,C
D,11728,-
I,11766,T
D,11774,-
I,11777,A
I,11781,G
D,11784,-
D,11787,-
I,11788,T
I,11789,T
I,11790,G
D,11795,-
D,11796,-
D,11799,-
I,11800,T
D,11803,-
I,11804,T
D,11810,-
D,11817,-
D,11866,-
D,11867,-
I,11869,C
I,11905,G
I,11906,T
D,11909,-
D,11910,-
D,11944,-
I,11947,G
D,11949,-
I,11955,A
D,11958,-
I,11960,G
D,12000,-
I,12010,G
I,12014,C
D,12016,-
D,12091,-
D,12096,-
I,12097,T
I,12101,A
I,12104,A
D,12106,-
D,12107,-
I,12135,G
D,12137,-
I,12157,C
I,12159,A
I,12160,A
D,12170,-
I,12172,A
D,12174,-
D,12176,-
D,12177,-
D,12207,-
I,12209,C
I,12231,T
D,12261,-
D,12266,-
I,12267,G
D,12270,-
I,12271,C
I,12279,A
D,12291,-
D,12292,-
I,12340,A
D,12346,-
D,12352,-
D,12390,-
I,12408,T
I,12425,C
I,12427,G
I,12463,G
I,12468,A
D,12470,-
I,12473,T
I,12474,C
I,12475,C
D,12480,-
I,12481,T
D,12483,-
I,12497,C
I,12508,T
I,12516,G
D,12519,-
D,12520,-
D,12524,-
D,12525,-
D,12526,-
I,12528,C
I,12529,A
D,12531,-
D,12534,-
I,12558,A
I,12567,G
I,12568,C
I,12570,G
I,12571,A
I,12572,A
D,12578,-
D,12580,-
D,12581,-
D,12582,-
D,12601,-
D,12632,-
D,12657,-
I,12659,G
I,12660,A
D,12663,-
D,12665,-
I,12666,A
D,12668,-
D,12671,-
D,12672,-
D,12673,-
D,12674,-
D,12676,-
D,12678,-
D,12687,-
I,12688,T
I,12691,T
I,12696,T
D,12717,-
I,12718,G
I,12823,T
D,12825,-
I,12893,T
D,12895,-
D,12897,-
I,12898,T
D,12904,-
I,12906,C
D,12924,-
I,12926,T
D,12941,-
D,12942,-
I,12943,T
I,12944,T
D,12990,-
I,12992,G
D,13011,-
I,13012,T
I,13015,G
I,13017,C
D,13019,-
D,13020,-
D,13021,-
D,13022,-
I,13023,C
D,13025,-
D,13026,-
I,13028,T
D,13031,-
I,13033,C
I,13035,G
I,13036,G
D,13038,-
D,13039,-
D,13043,-
D,13046,-
D,13048,-
I,13049,A
D,13078,-
D,13079,-
I,13081,A
I,13082,T
D,13111,-
I,13148,A
D,13151,-
D,13152,-
I,13153,A
I,13163,G
I,13165,A
I,13166,A
D,13188,-
D,13189,-
I,13190,G
I,13196,A
D,13213,-
D,13214,-
D,13216,-
I,13233,C
I,13249,T
D,13259,-
D,13261,-
D,13262,-
D,13287,-
I,13288,C
I,13289,C
I,13298,A
D,13300,-
I,13302,A
D,13305,-
D,13306,-
I,13309,C
D,13321,-
D,13329,-
I,13330,C
I,13363,A
D,13375,-
D,13376,-
I,13378,T
I,13379,T
D,13382,-
I,13383,C
D,13385,-
I,13386,C
D,13388,-
D,13393,-
I,13396,G
D,13428,-
I,13429,G
I,13459,C
I,13461,T
I,13468,A
D,13470,-
D,13473,-
I,13475,T
I,13478,T
I,13480,A
I,13483,G
D,13486,-
D,13491,-
D,13492,-
D,13494,-
D,13495,-
D,13516,-
D,13533,-
I,13535,A
I,13536,G
D,13541,-
D,13542,-
I,13553,T
I,13554,T
D,13590,-
I,13591,C
I,13593,G
I,13610,A
D,13612,-
D,13640,-
I,13642,C
D,13646,-
D,13647,-
I,13648,G
I,13650,A
D,13652,-
I,13653,G
I,13654,C
I,13657,C
I,13658,C
D,13667,-
D,13668,-
D,13669,-
D,13671,-
I,13672,C
I,13692,C
D,13728,-
I,13744,G
D,13746,-
I,13780,G
D,13800,-
I,13801,T
I,13802,T
D,13804,-
D,13854,-
I,13855,A
D,13900,-
D,13901,-
D,13903,-
D,13905,-
D,13906,-
I,13912,G
I,13913,G
I,13914,C
I,13915,C
I,13918,T
I,13920,A
I,13922,A
D,13926,-
I,13929,G
D,13935,-
I,13936,C
I,13956,G
I,13958,C
I,13959,A
I,13961,A
I,13962,T
D,13968,-
D,13974,-
D,13977,-
D,13979,-
D,13982,-
D,13997,-
I,14032,A
I,14033,C
I,14034,C
I,14035,A
D,14059,-
D,14127,-
I,14137,T
D,14152,-
I,14154,C
D,14173,-
D,14174,-
D,14175,-
I,14176,A
I,14178,C
I,14179,C
D,14192,-
I,14193,A
I,14198,A
I,14199,T
I,14200,A
D,14210,-
I,14211,G
I,14252,A
D,14254,-
D,14279,-
I,14280,G
D,14389,-
I,14390,G
D,14417,-
I,14418,A
I,14435,T
I,14437,A
D,14463,-
D,14464,-
D,14465,-
I,14466,T
D,14470,-
I,14471,A
D,14476,-
I,14477,A
D,14481,-
I,14482,T
I,14485,T
D,14487,-
D,14599,-
I,14603,G
D,14641,-
D,14642,-
I,14646,C
I,14655,C
D,14668,-
D,14687,-
I,14699,C
D,14751,-
D,14762,-
I,14763,T
D,14765,-
I,14766,T
D,14768,-
I,14769,T
D,14796,-
I,14797,C
I,14827,G
I,14828,C
D,14831,-
D,14843,-
D,14885,-
I,14887,G
D,14935,-
D,14937,-
D,14938,-
D,14939,-
D,14940,-
D,14941,-
D,14942,-
D,14943,-
D,14945,-
D,14946,-
D,14947,-
I,14949,A
I,14950,A
I,14953,T
I,14958,T
I,14959,T
D,14969,-
I,14970,A
I,14973,C
D,14977,-
D,14978,-
D,14984,-
I,14985,T
I,14991,A
I,14992,C
I,14993,A
I,15007,A
I,15010,T
I,15011,T
I,15012,A
I,15014,G
I,15016,C
D,15019,-
D,15020,-
I,15024,C
I,15026,T
I,15027,T
D,15030,-
D,15046,-
D,15047,-
I,15053,A
D,15064,-
I,15081,T
I,15178,T
I,15179,G
I,15180,A
D,15220,-
D,15234,-
D,15235,-
D,15236,-
D,15244,-
D,15245,-
I,15247,A
D,15261,-
D,15263,-
I,15264,G
D,15267,-
I,15269,G
I,15270,T
I,15271,C
D,15282,-
D,15285,-
D,15286,-
I,15287,C
I,15289,G
D,15292,-
D,15294,-
D,15313,-
I,15325,C
D,15356,-
I,15358,G
I,15360,A
I,15361,C
I,15368,G
D,15381,-
I,15393,C
I,15394,C
I,15414,A
D,15416,-
D,15466,-
I,15468,A
D,15470,-
D,15471,-
I,15473,G
D,15496,-
D,15498,-
I,15499,T
I,15501,G
D,15542,-
D,15543,-
D,15553,-
D,15557,-
I,15558,C
I,15571,G
D,15573,-
D,15578,-
I,15579,C
I,15596,G
D,15633,-
I,15634,T
D,15646,-
D,15647,-
D,15648,-
I,15665,A
I,15672,A
I,15674,C
I,15676,C
D,15678,-
D,15788,-
I,15819,G
I,15825,C
D,15827,-
D,15855,-
I,15856,A
D,15882,-
D,15883,-
I,15892,G
I,15902,G
D,15904,-
D,15908,-
I,15917,A
D,15920,-
D,15926,-
I,15928,C
I,15929,C
I,15930,C
I,15931,G
I,15932,C
D,15953,-
D,15954,-
D,15955,-
D,15956,-
I,15957,C
I,15967,G
I,15968,C
I,15969,G
D,15978,-
D,15998,-
I,15999,A
I,16000,A
D,16002,-
D,16004,-
D,16010,-
I,16011,G
I,16016,G
I,16016,T
D,16018,-
D,16026,-
D,16028,-
I,16032,C
I,16060,T
D,16062,-
I,16064,C
I,16065,C
D,16081,-
I,16083,T
D,16085,-
D,16102,-
I,16103,T
I,16152,C
I,16153,A
I,16154,G
I,16155,A
I,16156,G
I,16161,G
I,16171,T
D,16173,-
D,16176,-
D,16177,-
D,16179,-
D,16180,-
D,16182,-
I,16191,A
D,16193,-
D,16252,-
I,16258,G
I,16312,C
I,16314,G
I,16320,A
I,16321,C
D,16330,-
I,16332,G
D,16335,-
I,16336,A
I,16339,C
D,16343,-
D,16346,-
I,16348,A
D,16351,-
D,16352,-
D,16354,-
D,16355,-
D,16356,-
I,16357,G
D,16369,-
D,16370,-
I,16372,T
D,16375,-
D,16377,-
D,16403,-
D,16406,-
I,16407,C
D,16420,-
D,16459,-
D,16460,-
D,16461,-
I,16462,T
I,16463,T
I,16464,T
D,16466,-
D,16474,-
D,16528,-
D,16562,-
I,16581,G
I,16609,T
I,16611,G
I,16612,A
D,16618,-
D,16619,-
D,16620,-
D,16622,-
I,16623,T
I,16625,T
I,16634,C
I,16651,G
I,16652,A
D,16726,-
I,16753,A
D,16757,-
I,16760,G
I,16761,C
I,16763,T
I,16764,T
D,16766,-
I,16769,G
I,16771,A
I,16772,A
D,16774,-
I,16776,T
I,16777,A
I,16779,G
I,16780,C
D,16789,-
D,16790,-
D,16791,-
D,16792,-
D,16798,-
I,16799,C
I,16813,A
D,16815,-
D,16836,-
D,16837,-
D,16838,-
D,16840,-
D,16842,-
D,16843,-
I,16845,A
D,16847,-
D,16848,-
I,16855,C
I,16856,A
I,16857,A
I,16859,T
D,16951,-
D,16989,-
I,17011,G
I,17067,A
I,17068,T
I,17070,T
I,17072,C
D,17078,-
D,17079,-
I,17082,C
I,17083,G
I,17084,G
I,17086,A
D,17092,-
D,17093,-
D,17094,-
D,17096,-
D,17117,-
D,17118,-
I,17120,G
I,17121,G
D,17183,-
I,17186,T
D,17188,-
D,17191,-
I,17193,T
D,17195,-
I,17196,T
I,17198,T
D,17200,-
D,17203,-
I,17205,G
I,17208,T
D,17210,-
D,17211,-
D,17223,-
I,17289,A
I,17290,A
D,17306,-
D,17307,-
D,17308,-
D,17321,-
I,17322,C
D,17327,-
D,17328,-
D,17329,-
D,17338,-
I,17339,A
I,17361,G
I,17364,A
I,17365,G
I,17369,A
I,17370,G
D,17374,-
D,17375,-
I,17376,T
D,17378,-
D,17379,-
D,17380,-
I,17381,G
D,17390,-
I,17392,G
D,17417,-
I,17420,G
D,17446,-
I,17486,A
I,17488,C
I,17490,G
I,17491,G
D,17506,-
D,17507,-
I,17509,A
I,17510,A
D,17529,-
D,17557,-
I,17562,G
I,17563,G
D,17579,-
I,17580,A
D,17605,-
I,17606,T
D,17623,-
I,17625,T
I,17632,G
D,17634,-
I,17660,A
I,17674,G
D,17676,-
D,17686,-
I,17688,C
I,17710,G
D,17712,-
D,17730,-
D,17731,-
I,17748,C
I,17749,C
D,17759,-
D,17760,-
D,17761,-
D,17762,-
D,17763,-
D,17766,-
I,17770,A
I,17774,T
I,17776,C
I,17779,C
I,17842,T
I,17843,C
I,17845,C
I,17846,T
D,17850,-
D,17851,-
D,17852,-
I,17853,T
D,17855,-
D,17856,-
D,17862,-
I,17865,T
I,17920,T
D,17923,-
I,18003,G
I,18004,T
I,18006,C
D,18008,-
D,18009,-
D,18015,-
I,18016,G
I,18018,T
I,18019,T
D,18021,-
D,18022,-
D,18024,-
D,18074,-
I,18077,A
D,18096,-
D,18124,-
D,18125,-
D,18126,-
D,18127,-
I,18173,T
I,18174,T
I,18175,A
D,18177,-
I,18179,T
D,18191,-
D,18215,-
D,18216,-
I,18217,G
I,18219,C
D,18233,-
I,18234,T
I,18281,G
I,18284,A
I,18285,C
D,18293,-
I,18295,A
I,18300,C
D,18311,-
D,18331,-
I,18333,A
D,18336,-
D,18337,-
D,18338,-
D,18342,-
I,18380,A
I,18381,A
I,18385,C
D,18399,-
D,18400,-
D,18403,-
D,18404,-
I,18410,T
I,18411,G
I,18413,G
I,18414,A
I,18415,A
I,18416,C
D,18428,-
D,18430,-
D,18434,-
D,18435,-
D,18436,-
D,18437,-
D,18438,-
I,18449,G
D,18452,-
D,18468,-
D,18487,-
I,18493,T
I,18494,T
D,18496,-
D,18497,-
D,18498,-
D,18511,-
I,18512,A
D,18514,-
I,18529,G
D,18531,-
I,18585,T
D,18595,-
I,18597,G
D,18600,-
I,18601,A
D,18605,-
D,18606,-
I,18616,G
I,18618,C
I,18620,A
D,18623,-
D,18625,-
D,18652,-
D,18724,-
D,18725,-
D,18726,-
D,18729,-
I,18730,A
I,18734,C
I,18739,T
D,18743,-
I,18745,T
I,18760,G
I,18761,T
I,18762,T
I,18763,T
I,18772,A
D,18775,-
D,18784,-
I,18787,C
I,18827,T
I,18876,A
D,18895,-
I,18948,A
I,18949,A
D,18953,-
D,18954,-
D,18975,-
D,18976,-
D,19018,-
D,19041,-
I,19042,T
D,19050,-
D,19058,-
D,19064,-
D,19068,-
D,19069,-
D,19104,-
I,19105,T
I,19167,A
I,19183,T
I,19184,A
D,19186,-
I,19187,A
D,19190,-
D,19202,-
D,19206,-
I,19302,T
I,19303,G
I,19306,A
D,19310,-
I,19321,C
D,19349,-
I,19351,G
D,19390,-
I,19394,G
D,19396,-
I,19397,G
I,19398,G
D,19401,-
D,19420,-
D,19484,-
I,19488,A
I,19490,A
D,19497,-
I,19535,A
I,19536,T
I,19537,A
D,19578,-
I,19581,T
I,19586,C
D,19588,-
D,19596,-
I,19613,T
I,19632,C
I,19633,C
D,19637,-
D,19638,-
D,19639,-
I,19646,G
D,19659,-
D,19693,-
D,19697,-
I,19699,T
I,19702,C
D,19705,-
D,19706,-
I,19707,T
I,19709,C
I,19717,G
I,19719,G
D,19723,-
I,19750,C
D,19766,-
D,19768,-
D,19771,-
D,19773,-
D,19777,-
D,19778,-
D,19779,-
I,19783,G
I,19784,G
I,19785,G
D,19787,-
D,19795,-
I,19797,G
D,19799,-
D,19800,-
I,19804,C
D,19806,-
D,19809,-
I,19811,T
D,19815,-
D,19817,-
I,19820,C
I,19843,G
D,19850,-
D,19853,-
I,19856,T
I,19857,T
I,19860,G
I,19861,C
D,19870,-
I,19874,A
I,19875,C
I,19877,T
I,19878,A
D,19905,-
D,19910,-
I,19911,T
I,19934,A
D,19936,-
D,19945,-
D,19991,-
D,20035,-
D,20036,-
I,20038,C
D,20047,-
D,20048,-
I,20051,G
I,20053,C
I,20081,G
I,20083,A
D,20085,-
D,20095,-
I,20097,G
D,20100,-
I,20103,C
D,20106,-
D,20108,-
I,20114,G
D,20120,-
I,20121,T
D,20141,-
I,20143,T
D,20145,-
I,20146,A
D,20158,-
D,20160,-
I,20162,A
I,20163,C
I,20165,A
D,20268,-
D,20269,-
D,20277,-
I,20279,T
I,20282,G
D,20287,-
D,20289,-
D,20290,-
I,20292,C
I,20335,T
I,20336,C
I,20337,T
I,20338,C
D,20340,-
I,20342,A
D,20346,-
D,20348,-
D,20349,-
I,20350,T
I,20352,G
I,20353,G
D,20356,-
I,20358,C
D,20364,-
D,20366,-
D,20367,-
I,20370,T
I,20371,A
D,20399,-
I,20408,C
D,20418,-
D,20427,-
I,20428,A
I,20430,T
D,20438,-
I,20439,G
D,20474,-
I,20475,T
D,20500,-
I,20501,G
D,20506,-
D,20507,-
I,20508,T
I,20510,C
D,20537,-
I,20538,G
D,20555,-
I,20557,T
I,20558,C
D,20562,-
I,20598,C
I,20599,T
I,20600,A
I,20628,C
I,20629,G
I,20630,G
D,20633,-
I,20641,A
I,20642,A
I,20675,A
D,20684,-
I,20685,C
I,20712,A
D,20717,-
D,20719,-
D,20720,-
D,20721,-
D,20724,-
I,20725,T
D,20727,-
D,20729,-
D,20730,-
D,20734,-
D,20735,-
D,20738,-
I,20739,A
I,20740,C
D,20747,-
D,20754,-
I,20755,C
D,20766,-
I,20770,A
I,20771,C
D,20774,-
I,20794,C
I,20985,T
I,20986,G
I,20988,A
I,21004,C
D,21007,-
D,21029,-
D,21032,-
D,21051,-
D,21054,-
D,21065,-
D,21066,-
D,21073,-
I,21075,A
D,21078,-
I,21080,G
I,21081,G
I,21082,G
I,21083,T
I,21086,C
D,21088,-
I,21091,C
D,21093,-
D,21094,-
I,21095,A
I,21096,A
D,21102,-
I,21102,C
I,21103,G
I,21104,G
D,21105,-
D,21106,-
D,21106,-
D,21107,-
I,21108,C
I,21109,C
I,21110,C
I,21114,C
I,21116,A
D,21118,-
D,21119,-
D,21121,-
D,21123,-
D,21124,-
D,21140,-
D,21142,-
D,21143,-
D,21146,-
I,21147,G
I,21150,T
D,21152,-
D,21164,-
D,21194,-
I,21196,T
D,21211,-
D,21212,-
D,21213,-
I,21215,A
I,21217,T
I,21220,G
D,21291,-
I,21292,A
D,21299,-
I,21312,A
I,21313,C
D,21318,-
D,21319,-
I,21328,T
D,21333,-
I,21355,C
D,21372,-
D,21373,-
I,21375,A
I,21376,C
I,21418,G
D,21420,-
D,21429,-
D,21451,-
D,21452,-
I,21460,G
I,21461,T
I,21463,G
D,21467,-
I,21469,C
D,21473,-
I,21475,T
I,21477,G
I,21478,G
D,21483,-
I,21485,G
I,21486,G
D,21488,-
D,21489,-
D,21501,-
D,21531,-
D,21532,-
I,21533,T
I,21534,T
I,21563,T
D,21565,-
I,21568,T
D,21573,-
D,21574,-
I,21575,A
D,21598,-
I,21599,T
D,21604,-
D,21605,-
D,21607,-
D,21612,-
D,21613,-
D,21614,-
D,21653,-
D,21657,-
D,21705,-
D,21708,-
D,21709,-
I,21710,T
I,21713,C
D,21742,-
I,21772,A
D,21782,-
D,21828,-
I,21829,T
D,21831,-
I,21860,G
I,21863,C
D,21879,-
I,21880,A
D,21937,-
D,21938,-
I,21939,G
D,21990,-
I,22033,C
I,22034,C
I,22035,T
I,22036,G
I,22037,G
I,22038,C
I,22039,C
I,22040,G
I,22041,C
I,22042,T
I,22044,G
D,22051,-
D,22052,-
I,22053,G
I,22055,A
I,22058,T
D,22060,-
I,22077,C
D,22079,-
D,22080,-
D,22082,-
I,22084,G
D,22087,-
D,22088,-
I,22089,G
D,22091,-
I,22093,T
D,22095,-
D,22098,-
D,22099,-
D,22100,-
D,22101,-
D,22105,-
I,22108,T
I,22117,C
I,22118,T
I,22120,A
I,22124,C
D,22127,-
I,22128,A
D,22130,-
I,22131,A
I,22132,T
D,22135,-
D,22136,-
I,22138,A
D,22147,-
D,22162,-
D,22163,-
I,22213,A
D,22215,-
D,22258,-
I,22264,G
D,22266,-
D,22273,-
D,22289,-
D,22290,-
I,22291,G
I,22295,G
I,22296,G
I,22298,T
D,22314,-
D,22318,-
I,22319,C
D,22322,-
D,22324,-
I,22326,A
D,22328,-
I,22334,G
I,22339,A
I,22348,A
D,22352,-
D,22353,-
D,22355,-
D,22356,-
I,22358,C
I,22361,G
I,22375,A
I,22391,A
D,22393,-
D,22405,-
D,22407,-
I,22409,G
D,22447,-
D,22448,-
I,22449,C
D,22486,-
I,22488,A
I,22495,T
I,22497,C
D,22504,-
D,22506,-
I,22508,C
I,22509,C
D,22528,-
I,22530,G
D,22549,-
I,22551,T
D,22565,-
I,22567,C
D,22580,-
D,22588,-
D,22590,-
D,22591,-
D,22592,-
I,22594,T
I,22597,T
I,22598,T
D,22600,-
I,22601,C
D,22606,-
I,22607,A
I,22611,G
D,22613,-
D,22614,-
I,22615,C
I,22617,G
I,22618,G
I,22653,A
D,22664,-
D,22674,-
I,22686,T
D,22733,-
D,22741,-
D,22742,-
I,22743,G
I,22744,C
D,22746,-
D,22747,-
D,22749,-
I,22755,A
I,22782,G
I,22783,C
I,22786,T
I,22787,G
I,22789,A
I,22792,G
D,22822,-
I,22825,C
D,22853,-
I,22854,G
D,22884,-
I,22887,T
I,22889,A
D,22894,-
D,22895,-
D,22896,-
D,22897,-
D,22900,-
I,22902,T
I,22904,C
I,22905,G
I,22907,T
D,22920,-
I,22922,A
D,22924,-
I,22925,A
D,22927,-
I,22929,G
I,22955,T
I,22956,C
I,22957,C
D,22959,-
I,22961,T
D,22978,-
D,22979,-
D,22980,-
I,22982,C
I,22987,T
I,22988,C
D,22990,-
D,22992,-
D,22999,-
I,23000,T
D,23005,-
D,23014,-
D,23017,-
I,23024,C
I,23025,C
D,23027,-
D,23028,-
I,23030,A
I,23031,A
I,23032,A
I,23033,C
I,23034,C
I,23035,G
I,23049,C
D,23060,-
D,23062,-
D,23064,-
D,23065,-
D,23066,-
D,23072,-
D,23165,-
I,23168,A
D,23185,-
D,23187,-
D,23188,-
I,23189,G
I,23190,G
D,23192,-
I,23194,A
I,23201,C
D,23208,-
D,23211,-
D,23212,-
D,23213,-
I,23238,G
I,23242,G
I,23243,A
I,23247,C
I,23248,A
D,23272,-
D,23273,-
D,23275,-
I,23276,G
I,23296,C
D,23298,-
D,23305,-
D,23311,-
D,23317,-
D,23318,-
I,23330,C
I,23331,C
D,23351,-
I,23352,T
I,23353,G
D,23355,-
D,23356,-
I,23360,T
D,23362,-
I,23364,A
D,23367,-
D,23370,-
D,23374,-
D,23376,-
D,23377,-
D,23411,-
I,23413,A
I,23423,T
D,23425,-
D,23426,-
D,23458,-
D,23469,-
I,23470,A
D,23507,-
D,23515,-
D,23542,-
D,23543,-
I,23554,C
I,23564,T
I,23580,G
I,23609,G
I,23611,T
I,23612,G
I,23614,A
I,23615,A
D,23630,-
D,23632,-
D,23633,-
D,23634,-
D,23639,-
D,23640,-
D,23646,-
I,23647,A
D,23653,-
I,23654,A
I,23657,A
D,23659,-
D,23660,-
D,23661,-
D,23666,-
D,23671,-
D,23687,-
I,23692,C
I,23693,C
D,23695,-
D,23739,-
D,23765,-
I,23770,C
D,23773,-
D,23776,-
I,23777,C
D,23782,-
I,23794,C
I,23796,A
I,23797,A
I,23799,T
I,23809,G
D,23812,-
D,23815,-
D,23816,-
I,23818,G
I,23819,T
D,23822,-
D,23823,-
D,23831,-
I,23834,A
I,23847,A
I,23867,A
D,23870,-
D,23871,-
I,23919,G
I,23920,T
I,23921,C
I,23923,T
I,23926,A
I,23927,A
I,23937,C
I,23940,A
D,23944,-
D,23946,-
D,23947,-
D,23948,-
D,23949,-
D,23952,-
D,23965,-
I,23984,T
I,23985,T
D,23988,-
D,23989,-
D,23991,-
I,23992,G
I,23993,G
I,23994,G
I,23999,A
I,24000,C
I,24002,C
I,24005,G
I,24006,C
D,24008,-
I,24010,A
I,24011,G
D,24014,-
D,24018,-
D,24020,-
D,24021,-
D,24033,-
I,24035,C
I,24036,T
I,24040,G
D,24043,-
I,24044,G
D,24049,-
I,24051,T
I,24053,G
I,24054,T
I,24056,A
I,24057,A
D,24061,-
D,24063,-
I,24076,G
D,24082,-
I,24083,C
D,24093,-
D,24095,-
D,24097,-
D,24098,-
I,24099,A
I,24100,G
I,24107,A
I,24110,C
I,24111,C
D,24114,-
D,24115,-
D,24128,-
D,24130,-
I,24132,C
I,24133,T
I,24135,A
D,24152,-
D,24163,-
I,24164,T
D,24169,-
D,24170,-
D,24171,-
D,24173,-
D,24174,-
D,24185,-
D,24186,-
D,24190,-
I,24191,A
D,24193,-
D,24195,-
D,24196,-
I,24202,T
I,24203,A
I,24204,C
I,24222,T
D,24227,-
D,24230,-
I,24231,C
D,24233,-
I,24234,C
I,24238,G
D,24240,-
D,24242,-
I,24243,C
I,24278,T
D,24280,-
D,24290,-
I,24291,T
D,24306,-
I,24356,C
I,24358,A
I,24359,A
D,24371,-
I,24379,G
D,24381,-
D,24389,-
D,24408,-
D,24414,-
D,24415,-
D,24416,-
D,24445,-
D,24458,-
I,24459,A
D,24476,-
D,24498,-
I,24499,C
I,24515,G
I,24516,G
I,24517,A
I,24527,A
D,24551,-
D,24559,-
I,24561,C
D,24589,-
D,24592,-
I,24594,A
D,24622,-
I,24623,G
I,24641,G
D,24643,-
D,24681,-
I,24682,C
I,24691,A
I,24692,T
I,24693,C
D,24743,-
I,24745,C
I,24762,T
D,24765,-
I,24824,A
I,24825,A
I,24826,A
D,24828,-
D,24829,-
D,24835,-
I,24836,T
I,24837,T
D,24840,-
D,24843,-
D,24846,-
I,24885,A
I,24886,A
D,24901,-
D,24902,-
D,25005,-
I,25008,T
I,25073,A
D,25075,-
I,25098,A
I,25099,C
I,25101,A
I,25102,G
D,25110,-
D,25118,-
D,25133,-
D,25138,-
D,25142,-
I,25144,C
I,25182,C
D,25184,-
I,25214,C
D,25216,-
D,25217,-
D,25222,-
I,25223,A
I,25245,A
I,25246,G
D,25249,-
D,25250,-
D,25296,-
I,25313,G
D,25331,-
I,25333,G
I,25335,T
I,25337,T
D,25339,-
I,25340,A
D,25342,-
D,25353,-
D,25382,-
D,25386,-
D,25388,-
I,25389,T
I,25394,C
I,25395,C
D,25398,-
I,25402,C
I,25403,C
D,25405,-
D,25406,-
D,25415,-
D,25416,-
I,25419,A
I,25420,C
I,25421,A
I,25514,T
I,25516,A
I,25517,A
I,25518,C
D,25528,-
D,25530,-
D,25535,-
D,25537,-
I,25538,A
D,25540,-
D,25541,-
D,25544,-
D,25546,-
D,25548,-
D,25553,-
D,25555,-
I,25556,G
D,25558,-
I,25560,C
I,25590,A
D,25593,-
D,25639,-
I,25642,T
D,25675,-
D,25677,-
D,25681,-
D,25698,-
D,25699,-
D,25701,-
D,25702,-
I,25707,G
I,25731,G
I,25732,T
I,25762,A
D,25769,-
D,25770,-
D,25821,-
D,25822,-
I,25824,C
I,25825,C
D,25836,-
I,25837,G
D,25851,-
I,25853,A
D,25856,-
I,25873,T
D,25875,-
D,25916,-
D,25948,-
I,25949,G
I,25959,T
I,25982,G
D,25984,-
I,25986,G
D,25990,-
D,26000,-
D,26001,-
D,26085,-
I,26137,A
D,26146,-
D,26147,-
I,26148,A
D,26152,-
I,26156,T
D,26167,-
I,26171,G
D,26173,-
I,26176,C
I,26185,G
I,26186,A
D,26190,-
I,26191,C
I,26192,A
D,26200,-
I,26202,A
D,26228,-
D,26234,-
I,26236,G
D,26260,-
D,26261,-
D,26262,-
D,26264,-
I,26265,C
I,26281,C
I,26283,T
I,26290,C
I,26311,T
I,26315,T
I,26316,T
I,26318,T
I,26319,C
D,26339,-
D,26341,-
D,26342,-
I,26347,C
I,26355,A
D,26357,-
D,26368,-
I,26371,A
D,26373,-
I,26374,G
I,26376,G
D,26378,-
I,26380,G
D,26382,-
D,26384,-
D,26385,-
I,26386,G
D,26392,-
D,26398,-
D,26404,-
D,26405,-
D,26414,-
I,26415,A
I,26416,A
D,26419,-
I,26435,G
I,26443,G
I,26444,C
I,26445,G
I,26446,G
D,26449,-
D,26458,-
I,26490,T
I,26491,G
I,26492,C
I,26493,G
D,26496,-
I,26500,T
D,26503,-
D,26504,-
D,26518,-
D,26519,-
D,26520,-
I,26521,G
D,26527,-
I,26530,C
D,26533,-
D,26536,-
I,26539,G
I,26541,A
I,26558,A
D,26564,-
D,26582,-
I,26583,C
D,26594,-
D,26595,-
D,26596,-
I,26603,T
I,26604,A
I,26606,G
D,26608,-
D,26610,-
D,26611,-
D,26616,-
I,26617,C
D,26630,-
I,26631,G
D,26651,-
I,26652,C
I,26671,A
I,26672,A
D,26677,-
I,26680,A
D,26682,-
D,26687,-
D,26700,-
D,26702,-
D,26703,-
I,26708,A
I,26709,A
I,26711,C
D,26769,-
I,26770,C
D,26801,-
D,26802,-
I,26803,T
I,26805,G
D,26807,-
D,26808,-
D,26812,-
I,26858,G
I,26859,C
I,26860,G
I,26863,C
D,26867,-
D,26956,-
I,26957,T
D,27049,-
I,27050,G
D,27056,-
I,27057,T
D,27094,-
D,27101,-
I,27102,G
D,27108,-
D,27109,-
I,27110,C
I,27112,G
D,27117,-
D,27118,-
D,27119,-
I,27120,G
I,27121,G
I,27125,A
I,27128,C
I,27139,G
D,27146,-
I,27148,T
I,27150,A
D,27169,-
D,27170,-
D,27189,-
D,27193,-
I,27196,C
I,27197,T
D,27208,-
I,27210,G
D,27217,-
D,27219,-
D,27220,-
I,27223,T
I,27224,G
D,27233,-
I,27235,C
D,27239,-
D,27243,-
D,27253,-
D,27254,-
D,27257,-
D,27272,-
D,27277,-
I,27278,T
I,27279,T
I,27280,C
I,27283,C
I,27285,A
D,27293,-
I,27319,C
I,27321,T
I,27335,A
D,27337,-
I,27383,C
I,27384,A
D,27387,-
D,27391,-
I,27408,G
I,27410,A
D,27412,-
D,27413,-
D,27427,-
D,27428,-
D,27432,-
I,27434,C
I,27446,C
D,27453,-
I,27454,C
I,27455,C
D,27464,-
D,27465,-
I,27469,A
I,27470,G
I,27479,C
D,27483,-
D,27484,-
D,27485,-
D,27486,-
D,27488,-
I,27490,G
I,27505,A
D,27507,-
I,27508,G
I,27510,A
I,27511,G
I,27512,G
I,27513,G
I,27514,G
D,27516,-
D,27519,-
D,27521,-
I,27522,C
I,27523,T
I,27524,C
I,27526,C
D,27528,-
I,27530,T
I,27534,G
I,27536,G
D,27594,-
D,27637,-
D,27639,-
D,27645,-
D,27647,-
D,27649,-
D,27651,-
D,27656,-
I,27657,C
I,27687,T
I,27689,A
I,27693,A
I,27695,T
D,27713,-
D,27714,-
D,27715,-
D,27718,-
I,27755,A
D,27759,-
D,27760,-
D,27762,-
D,27764,-
I,27765,G
D,27768,-
D,27770,-
I,27771,C
I,27772,C
I,27773,C
D,27775,-
D,27776,-
D,27784,-
I,27785,A
D,27798,-
D,27854,-
D,27855,-
D,27856,-
D,27858,-
I,27860,C
I,27861,C
D,27864,-
D,27866,-
I,27869,T
I,27872,T
I,27874,C
D,27876,-
D,27877,-
I,27878,A
I,27879,C
I,27882,C
I,27884,T
I,27885,G
I,27886,G
D,27888,-
I,27891,T
D,27905,-
D,27906,-
I,27907,T
I,27946,T
D,27948,-
D,27950,-
I,27951,C
I,27981,T
D,27990,-
I,27991,C
I,27996,A
I,28001,T
I,28002,G
I,28004,A
D,28006,-
D,28007,-
D,28008,-
D,28012,-
D,28014,-
D,28018,-
D,28020,-
D,28042,-
D,28043,-
I,28044,T
D,28046,-
I,28049,G
I,28055,A
I,28125,G
I,28126,T
I,28127,G
D,28139,-
D,28140,-
D,28146,-
D,28148,-
I,28149,C
I,28150,A
I,28151,C
I,28152,A
I,28154,G
D,28195,-
D,28204,-
D,28205,-
D,28207,-
I,28209,G
D,28220,-
D,28221,-
I,28222,G
I,28223,T
D,28259,-
D,28260,-
I,28261,G
I,28263,G
D,28267,-
D,28268,-
I,28269,T
I,28272,G
I,28274,T
D,28309,-
I,28310,C
I,28351,A
D,28354,-
I,28355,G
D,28395,-
D,28433,-
D,28434,-
I,28437,A
I,28438,T
I,28458,T
I,28459,T
I,28461,A
I,28462,A
I,28464,A
D,28466,-
D,28468,-
D,28469,-
D,28472,-
D,28488,-
I,28489,A
D,28500,-
I,28502,G
D,28504,-
D,28507,-
D,28508,-
I,28566,A
D,28568,-
I,28579,T
I,28580,C
D,28585,-
D,28586,-
D,28593,-
I,28594,A
D,28601,-
I,28602,T
I,28604,G
D,28607,-
I,28612,T
I,28617,A
I,28619,T
I,28620,A
I,28622,G
I,28623,C
D,28626,-
D,28628,-
D,28629,-
I,28630,T
I,28631,T
D,28633,-
I,28635,A
D,28641,-
D,28672,-
I,28673,G
D,28685,-
D,28689,-
D,28690,-
D,28691,-
I,28694,G
I,28705,C
D,28707,-
I,28708,A
I,28711,C
D,28720,-
D,28722,-
D,28723,-
D,28724,-
D,28725,-
D,28733,-
I,28734,C
I,28737,G
I,28738,C
D,28744,-
D,28745,-
I,28746,G
I,28749,A
I,28750,T
I,28751,C
D,28755,-
I,28756,G
D,28758,-
I,28759,A
I,28764,A
D,28766,-
I,28772,A
D,28808,-
I,28809,T
D,28898,-
D,28899,-
D,28914,-
D,28915,-
I,28916,A
I,28947,A
I,28948,C
D,28951,-
D,28969,-
D,28970,-
I,28971,G
I,28974,G
I,28975,T
D,28977,-
D,29048,-
I,29049,A
D,29110,-
I,29111,T
D,29114,-
D,29117,-
I,29121,A
I,29123,A
I,29125,G
D,29129,-
D,29130,-
D,29131,-
D,29159,-
D,29160,-
D,29169,-
D,29192,-
I,29195,A
I,29196,G
D,29200,-
I,29202,A
D,29280,-
D,29356,-
I,29370,A
D,29372,-
I,29374,A
D,29376,-
D,29379,-
D,29383,-
D,29385,-
I,29387,C
I,29389,G
I,29390,A
D,29408,-
D,29442,-
I,29443,G
I,29462,T
D,29464,-
I,29621,T
I,29624,G
D,29626,-
D,29627,-
D,29628,-
I,29630,G
D,29646,-
I,29647,G
D,29660,-
D,29661,-
I,29662,T
I,29669,T
I,29683,G
D,29700,-
I,29702,C
D,29704,-
I,29737,C
I,29739,A
I,29740,T
D,29743,-
D,29744,-
D,29745,-
D,29747,-
D,29749,-
D,29750,-
I,29774,G
D,29777,-
I,29778,C
D,29780,-
I,29781,G
I,29794,G
I,29795,T
D,29804,-
D,29805,-
D,29810,-
I,29814,G
D,29817,-
D,29827,-
I,29828,C
I,29840,A
I,29841,A
D,29845,-
I,29847,A
D,29849,-
D,29850,-
D,29853,-
D,29855,-
I,29858,C
D,29874,-
I,29875,T
I,29879,G
I,29880,C
I,29881,A
I,29892,C
I,29896,A
I,29897,T
D,29901,-
D,29903,-
D,29904,-
D,29907,-
I,29908,C
D,29910,-
I,29920,G
D,29942,-
I,29944,G
D,29978,-
D,29995,-
I,29997,C
D,30013,-
I,30015,T
D,30017,-
I,30019,C
D,30021,-
D,30025,-
D,30026,-
D,30031,-
D,30032,-
I,30033,T
I,30036,T
I,30039,G
D,30041,-
I,30045,T
I,30048,C
I,30079,C
D,30081,-
D,30105,-
D,30106,-
D,30107,-
D,30108,-
D,30110,-
I,30123,C
I,30124,C
I,30125,C
I,30126,T
D,30170,-
D,30186,-
D,30187,-
D,30202,-
D,30204,-
I,30205,C
I,30210,A
D,30246,-
D,30328,-
I,30330,G
I,30331,A
D,30335,-
D,30393,-
D,30394,-
D,30402,-
D,30411,-
D,30424,-
I,30428,G
I,30429,G
I,30430,A
D,30435,-
D,30436,-
D,30437,-
D,30450,-
D,30451,-
I,30472,T
I,30473,T
D,30475,-
D,30476,-
D,30478,-
D,30482,-
D,30485,-
D,30486,-
I,30487,G
I,30488,G
I,30490,A
I,30491,A
I,30492,A
D,30503,-
D,30505,-
D,30524,-
I,30550,C
D,30554,-
D,30573,-
D,30580,-
I,30581,C
I,30588,A
D,30601,-
D,30604,-
I,30608,T
I,30614,T
I,30616,C
I,30630,C
D,30724,-
D,30726,-
I,30728,T
I,30729,A
I,30754,A
D,30773,-
D,30787,-
I,30788,G
I,30799,A
I,30988,A
D,30991,-
D,30992,-
D,30995,-
D,30998,-
D,31001,-
I,31002,A
I,31003,C
I,31005,G
I,31006,G
I,31008,C
I,31009,G
I,31017,A
D,31021,-
I,31023,C
I,31042,G
I,31044,C
D,31046,-
D,31068,-
D,31074,-
D,31076,-
I,31077,G
D,31080,-
D,31081,-
D,31082,-
D,31085,-
D,31088,-
D,31091,-
I,31092,A
I,31093,G
D,31095,-
I,31096,A
I,31099,G
I,31100,G
D,31102,-
D,31103,-
D,31107,-
I,31113,C
I,31114,C
I,31115,C
D,31151,-
D,31194,-
I,31195,G
D,31228,-
I,31229,T
I,31233,A
D,31235,-
I,31237,C
I,31243,A
D,31245,-
I,31264,C
D,31266,-
D,31268,-
I,31269,A
I,31270,A
D,31272,-
I,31273,A
D,31276,-
I,31278,C
D,31285,-
D,31286,-
I,31288,A
I,31289,T
D,31291,-
I,31296,G
D,31298,-
D,31299,-
I,31301,A
I,31302,A
D,31316,-
D,31325,-
D,31343,-
I,31345,G
I,31434,T
I,31435,T
I,31437,G
D,31441,-
D,31443,-
D,31444,-
D,31446,-
D,31449,-
I,31451,A
D,31455,-
D,31456,-
D,31459,-
D,31460,-
I,31465,C
I,31466,C
I,31476,C
D,31482,-
D,31491,-
I,31492,T
I,31493,T
D,31495,-
I,31497,G
I,31498,G
I,31505,T
I,31510,C
I,31513,T
I,31514,T
I,31515,G
I,31516,C
D,31519,-
D,31520,-
D,31534,-
D,31547,-
D,31559,-
I,31560,T
D,31570,-
D,31590,-
D,31597,-
I,31606,G
D,31609,-
I,31610,T
I,31611,G
I,31635,G
D,31646,-
D,31664,-
I,31665,G
I,31669,A
D,31672,-
I,31674,A
I,31675,G
I,31686,C
D,31688,-
D,31704,-
D,31707,-
I,31712,C
D,31715,-
D,31716,-
I,31718,A
D,31729,-
D,31730,-
I,31731,T
D,31731,-
D,31733,-
I,31734,G
I,31736,A
I,31738,A
D,31740,-
I,31755,G
I,31756,A
I,31757,A
I,31758,A
D,31782,-
D,31783,-
D,31785,-
D,31788,-
D,31789,-
I,31790,A
I,31791,G
D,31795,-
D,31818,-
D,31819,-
D,31848,-
D,31849,-
I,31869,T
D,31903,-
D,31905,-
I,31906,A
D,31949,-
D,31950,-
D,31952,-
I,31954,G
I,31955,G
I,31956,T
D,31958,-
I,31960,A
I,31961,A
I,31963,C
I,31964,C
D,31989,-
I,32000,A
I,32001,T
D,32003,-
D,32004,-
D,32020,-
I,32021,C
I,32031,T
D,32033,-
I,32036,G
I,32037,C
I,32038,C
D,32042,-
D,32043,-
I,32054,A
I,32055,C
I,32065,C
I,32067,A
D,32073,-
I,32076,G
I,32079,A
D,32082,-
I,32084,G
D,32090,-
D,32091,-
D,32095,-
D,32096,-
D,32099,-
D,32102,-
D,32127,-
D,32128,-
I,32129,G
D,32150,-
D,32203,-
I,32205,C
D,32245,-
D,32259,-
I,32260,C
D,32272,-
D,32277,-
I,32278,C
I,32280,T
D,32282,-
D,32288,-
I,32290,C
I,32360,G
I,32361,A
I,32363,G
I,32364,T
I,32366,A
I,32367,C
I,32368,A
D,32375,-
D,32378,-
D,32379,-
D,32381,-
D,32383,-
D,32388,-
D,32389,-
I,32390,G
I,32391,T
I,32396,T
D,32398,-
D,32399,-
D,32400,-
D,32401,-
D,32411,-
D,32412,-
D,32414,-
D,32419,-
D,32424,-
I,32425,G
I,32440,A
D,32454,-
I,32458,C
I,32535,T
I,32536,C
I,32539,A
D,32543,-
D,32544,-
D,32546,-
D,32585,-
I,32587,T
D,32591,-
I,32592,T
D,32606,-
D,32621,-
D,32622,-
I,32626,A
D,32685,-
D,32793,-
I,32794,T
I,32854,A
D,32856,-
I,32862,C
I,32863,C
D,32865,-
I,32866,A
D,32898,-
I,32908,C
I,32983,A
D,32988,-
D,33009,-
I,33010,C
D,33073,-
I,33075,G
I,33079,A
D,33081,-
D,33105,-
D,33106,-
D,33108,-
I,33110,C
I,33111,C
I,33112,C
D,33114,-
I,33115,A
D,33162,-
D,33177,-
I,33186,A
D,33188,-
D,33191,-
D,33240,-
I,33255,C
I,33282,T
D,33287,-
D,33288,-
D,33289,-
D,33291,-
D,33293,-
I,33294,A
D,33296,-
I,33297,T
I,33298,T
I,33299,T
I,33303,A
I,33304,C
D,33306,-
D,33308,-
I,33309,C
I,33329,A
D,33331,-
D,33353,-
I,33355,G
D,33365,-
D,33366,-
D,33367,-
D,33374,-
I,33375,G
I,33376,A
D,33378,-
I,33393,C
I,33394,T
I,33396,T
I,33398,C
I,33399,T
I,33400,C
I,33401,C
D,33406,-
D,33407,-
I,33408,A
I,33409,A
I,33442,T
D,33445,-
I,33446,A
D,33448,-
D,33449,-
I,33465,A
D,33467,-
I,33488,T
I,33521,T
D,33524,-
I,33529,A
D,33542,-
D,33543,-
D,33545,-
I,33570,G
D,33572,-
D,33573,-
D,33575,-
I,33578,G
I,33580,C
D,33614,-
D,33615,-
D,33616,-
I,33620,C
I,33623,G
I,33627,C
I,33628,C
D,33631,-
D,33635,-
I,33638,C
I,33639,G
I,33640,C
D,33645,-
I,33646,C
I,33648,T
D,33650,-
D,33651,-
I,33652,T
I,33655,A
D,33657,-
I,33658,A
D,33660,-
I,33661,T
D,33694,-
D,33700,-
D,33701,-
I,33706,A
I,33707,G
D,33823,-
I,33825,G
I,33849,G
D,33852,-
D,33875,-
I,33876,G
I,33877,A
D,33880,-
D,33886,-
D,33890,-
D,33891,-
D,33892,-
D,33893,-
I,33895,G
D,33897,-
I,33898,C
I,33900,A
I,33902,A
I,33905,T
I,33936,T
I,33938,C
I,33939,A
I,33942,T
I,33944,T
I,33945,G
D,33949,-
D,33965,-
I,33968,A
D,34077,-
I,34091,A
I,34099,G
I,34102,C
D,34152,-
I,34153,C
I,34164,C
D,34167,-
D,34168,-
D,34171,-
I,34173,A
I,34177,C
I,34178,T
I,34179,C
I,34180,C
D,34210,-
I,34212,A
D,34247,-
I,34254,T
I,34300,G
I,34301,C
I,34304,G
I,34311,G
D,34314,-
I,34315,C
D,34318,-
I,34319,G
I,34324,A
D,34344,-
I,34345,C
D,34353,-
I,34354,A
D,34356,-
I,34392,A
I,34393,C
D,34395,-
D,34397,-
I,34398,A
D,34400,-
D,34401,-
I,34403,T
D,34410,-
D,34412,-
D,34413,-
D,34424,-
D,34427,-
D,34428,-
I,34432,T
I,34434,G
I,34437,C
I,34438,A
I,34439,G
D,34462,-
I,34464,C
I,34465,G
I,34466,G
I,34468,A
I,34469,A
I,34470,A
I,34473,T
I,34479,A
D,34481,-
D,34482,-
D,34484,-
D,34488,-
D,34489,-
D,34490,-
D,34491,-
D,34499,-
I,34500,C
I,34551,G
I,34552,A
I,34553,G
D,34558,-
D,34560,-
I,34563,A
I,34564,C
I,34565,G
D,34569,-
D,34570,-
D,34573,-
D,34584,-
D,34691,-
I,34696,A
I,34697,G
I,34698,G
I,34700,G
I,34702,T
I,34703,A
I,34704,C
D,34723,-
D,34724,-
D,34725,-
D,34726,-
D,34745,-
D,34746,-
D,34747,-
D,34751,-
I,34752,C
I,34753,G
D,34801,-
I,34814,G
D,34817,-
D,34819,-
I,34821,A
I,34828,T
I,34829,A
I,34842,A
D,34864,-
D,34865,-
D,34868,-
I,34872,A
I,34873,G
I,34875,C
I,34880,T
I,34885,A
I,34903,G
I,34913,T
I,34917,C
D,34921,-
D,34926,-
I,34928,T
D,34932,-
D,34935,-
I,34937,G
D,34940,-
I,34950,G
I,34952,T
D,34955,-
D,34956,-
D,34957,-
D,34959,-
D,34961,-
I,34962,C
I,34964,C
I,34965,A
I,34966,C
I,35037,C
D,35039,-
D,35042,-
D,35048,-
I,35049,C
I,35053,G
I,35054,T
I,35056,C
D,35064,-
D,35068,-
I,35069,G
D,35092,-
D,35093,-
I,35094,T
I,35095,A
D,35128,-
D,35157,-
I,35159,C
D,35190,-
D,35215,-
D,35218,-
I,35219,G
I,35225,G
I,35226,G
D,35228,-
D,35229,-
D,35230,-
I,35232,T
I,35233,A
I,35235,A
D,35240,-
I,35241,T
I,35250,T
D,35253,-
I,35254,T
I,35268,C
D,35271,-
D,35283,-
I,35285,T
D,35290,-
I,35295,T
I,35296,T
I,35297,T
I,35329,T
I,35332,G
D,35385,-
D,35386,-
I,35388,C
I,35389,C
D,35408,-
I,35420,G
I,35421,A
I,35422,A
I,35423,A
I,35424,A
I,35430,C
D,35435,-
D,35436,-
I,35437,C
D,35441,-
D,35442,-
D,35443,-
D,35445,-
I,35494,A
I,35497,C
I,35500,A
D,35529,-
D,35530,-
D,35533,-
I,35543,C
D,35546,-
D,35547,-
I,35551,G
D,35553,-
I,35630,C
D,35632,-
D,35638,-
D,35641,-
I,35666,C
I,35668,T
I,35674,T
I,35675,C
I,35677,A
I,35679,G
I,35680,A
I,35681,C
I,35683,C
I,35688,T
D,35691,-
D,35701,-
I,35702,C
D,35710,-
D,35713,-
D,35714,-
D,35759,-
D,35760,-
D,35761,-
D,35762,-
I,35768,T
I,35771,G
I,35772,A
D,35774,-
I,35775,G
I,35778,C
I,35779,A
I,35782,T
D,35793,-
D,35794,-
D,35804,-
I,35817,A
I,35833,A
I,35837,C
I,35838,T
I,35841,A
D,35845,-
D,35846,-
I,35848,G
I,35849,G
D,35891,-
I,35895,G
I,35901,G
I,35908,T
I,35909,A
D,35911,-
D,35912,-
D,35916,-
I,35919,A
I,35921,A
D,35924,-
D,35925,-
D,35942,-
D,35945,-
I,35946,T
I,35949,C
I,35953,C
D,35960,-
D,36012,-
D,36013,-
I,36014,A
I,36017,G
I,36029,C
I,36031,T
D,36061,-
D,36063,-
I,36107,A
D,36112,-
I,36114,G
I,36119,G
I,36120,G
I,36121,G
D,36190,-
I,36191,C
D,36194,-
D,36198,-
D,36204,-
D,36205,-
D,36207,-
I,36208,G
D,36237,-
I,36238,G
I,36273,C
D,36275,-
D,36307,-
D,36308,-
D,36309,-
I,36325,A
I,36326,A
I,36327,G
D,36343,-
D,36345,-
D,36346,-
D,36349,-
D,36350,-
I,36352,T
I,36353,T
D,36363,-
I,36365,G
I,36366,C
D,36384,-
D,36439,-
I,36440,A
I,36441,A
I,36442,A
I,36443,G
D,36445,-
I,36448,G
D,36450,-
D,36451,-
D,36452,-
D,36498,-
I,36503,A
I,36505,A
D,36507,-
D,36508,-
D,36509,-
D,36510,-
D,36511,-
D,36512,-
I,36538,A
D,36541,-
I,36619,A
D,36627,-
D,36628,-
D,36635,-
D,36636,-
I,36637,A
I,36638,G
D,36640,-
D,36643,-
D,36709,-
I,36710,G
I,36756,C
D,36761,-
D,36762,-
D,36763,-
I,36769,G
I,36770,T
I,36771,T
D,36803,-
D,36831,-
D,36838,-
D,36846,-
I,36847,G
I,36848,C
D,36852,-
D,36861,-
D,36863,-
I,36865,G
D,36867,-
I,36869,A
I,36871,G
I,36872,G
I,36874,C
I,36882,A
D,36884,-
D,36886,-
D,36887,-
I,36888,C
D,36911,-
D,36912,-
D,36914,-
D,36915,-
I,36916,G
D,36918,-
D,36955,-
I,36957,G
I,36958,G
I,36959,G
I,36961,C
I,36966,G
D,36968,-
D,36982,-
D,36985,-
D,37000,-
I,37001,A
D,37008,-
D,37071,-
D,37158,-
D,37159,-
D,37160,-
D,37161,-
D,37162,-
D,37163,-
D,37165,-
I,37174,T
I,37175,G
I,37176,C
I,37177,G
I,37179,C
I,37210,G
D,37212,-
D,37276,-
D,37338,-
I,37340,G
D,37450,-
D,37461,-
D,37462,-
D,37463,-
I,37466,G
D,37470,-
I,37472,T
I,37473,T
I,37476,A
I,37477,A
I,37479,T
I,37480,T
D,37482,-
I,37483,C
D,37492,-
D,37494,-
I,37497,A
D,37504,-
I,37505,G
I,37507,T
D,37509,-
I,37523,G
I,37525,A
I,37531,C
D,37533,-
D,37560,-
D,37562,-
D,37573,-
I,37575,C
I,37576,C
I,37577,T
I,37578,T
I,37579,G
I,37580,G
I,37581,T
I,37584,A
D,37600,-
D,37601,-
D,37603,-
D,37604,-
D,37605,-
D,37607,-
D,37609,-
D,37610,-
D,37611,-
D,37612,-
D,37623,-
I,37631,A
I,37675,G
I,37694,T
D,37725,-
D,37726,-
D,37730,-
I,37731,T
I,37733,C
I,37734,T
I,37735,A
I,37736,C
I,37737,A
D,37747,-
D,37748,-
D,37749,-
D,37790,-
D,37798,-
D,37799,-
D,37800,-
I,37803,C
I,37804,A
I,37806,A
I,37807,A
I,37809,T
I,37810,T
D,37814,-
D,37815,-
I,37817,T
I,37824,G
I,37826,A
I,37827,A
D,37830,-
D,37831,-
D,37931,-
D,37975,-
D,37979,-
I,37980,A
D,37985,-
I,37987,T
I,38018,T
D,38083,-
D,38084,-
D,38087,-
D,38088,-
I,38093,A
I,38095,G
I,38101,G
I,38102,T
I,38103,C
D,38107,-
I,38108,G
D,38150,-
D,38151,-
I,38172,T
D,38174,-
I,38175,T
I,38178,A
D,38182,-
D,38183,-
D,38190,-
I,38191,C
D,38195,-
D,38196,-
I,38201,C
D,38204,-
I,38226,G
I,38231,A
D,38257,-
I,38259,C
D,38267,-
D,38289,-
D,38290,-
D,38292,-
D,38293,-
D,38294,-
D,38295,-
D,38296,-
D,38297,-
D,38298,-
D,38299,-
D,38300,-
D,38302,-
D,38303,-
D,38304,-
D,38305,-
D,38306,-
D,38307,-
D,38308,-
I,38341,A
I,38342,A
I,38343,T
I,38344,T
I,38345,T
D,38348,-
D,38349,-
I,38368,T
I,38369,A
D,38384,-
I,38387,G
D,38398,-
D,38434,-
D,38447,-
I,38460,T
I,38461,A
I,38463,T
I,38464,C
D,38467,-
I,38469,G
D,38477,-
I,38478,A
D,38481,-
D,38482,-
I,38485,T
D,38487,-
D,38491,-
I,38492,C
D,38507,-
D,38508,-
I,38509,G
I,38513,T
D,38515,-
D,38518,-
I,38519,T
I,38532,T
I,38533,T
D,38538,-
D,38539,-
D,38546,-
I,38547,G
I,38551,G
I,38552,T
I,38554,T
I,38555,A
I,38556,C
I,38577,C
D,38579,-
D,38580,-
I,38582,A
I,38583,A
D,38590,-
I,38591,G
D,38597,-
I,38599,T
D,38694,-
I,38696,C
D,38710,-
I,38712,A
I,38788,C
D,38790,-
D,38800,-
D,38836,-
D,38837,-
I,38848,G
I,38852,A
I,38862,C
I,38863,G
I,38865,A
I,38866,A
D,38878,-
D,38879,-
I,38888,G
I,38891,C
I,38892,A
D,38900,-
I,38902,G
D,38921,-
D,38922,-
I,38924,A
I,38937,A
D,38945,-
D,38957,-
I,39013,T
I,39016,T
I,39019,A
I,39020,A
I,39021,A
D,39026,-
D,39027,-
D,39028,-
I,39030,G
D,39032,-
I,39067,T
D,39069,-
D,39070,-
D,39071,-
I,39073,T
D,39076,-
D,39078,-
I,39092,A
I,39093,A
D,39095,-
D,39096,-
D,39102,-
D,39104,-
D,39110,-
D,39121,-
D,39124,-
D,39125,-
D,39127,-
I,39137,T
I,39140,T
I,39141,G
D,39148,-
I,39151,T
I,39152,T
I,39154,G
I,39155,T
I,39156,G
I,39158,A
I,39159,A
I,39164,G
D,39167,-
D,39182,-
D,39183,-
D,39185,-
D,39187,-
D,39188,-
I,39191,A
I,39192,G
D,39195,-
D,39196,-
D,39197,-
D,39202,-
D,39203,-
I,39204,T
I,39206,A
D,39216,-
D,39221,-
I,39223,G
I,39230,G
D,39232,-
D,39239,-
I,39241,C
D,39260,-
I,39261,G
I,39263,T
I,39325,G
I,39328,A
I,39329,A
I,39336,C
I,39337,A
D,39339,-
D,39340,-
I,39348,C
D,39351,-
D,39354,-
D,39355,-
I,39356,G
D,39369,-
D,39385,-
D,39386,-
D,39391,-
I,39393,C
I,39396,A
I,39398,C
D,39415,-
I,39417,C
I,39433,T
I,39435,C
D,39438,-
D,39439,-
I,39441,A
I,39442,A
D,39447,-
I,39458,C
D,39460,-
I,39467,G
D,39469,-
D,39492,-
I,39500,G
I,39554,T
I,39555,G
D,39557,-
D,39559,-
D,39560,-
D,39561,-
D,39565,-
I,39567,A
I,39570,G
I,39574,T
D,39578,-
I,39579,A
D,39588,-
D,39599,-
I,39600,G
D,39638,-
I,39639,A
I,39670,A
D,39677,-
D,39678,-
I,39680,T
I,39702,T
I,39703,C
I,39704,C
D,39714,-
D,39715,-
D,39716,-
D,39718,-
D,39719,-
I,39740,A
I,39741,A
I,39811,G
I,39812,T
I,39813,C
I,39814,G
D,39851,-
I,39867,G
I,39869,A
D,39884,-
D,39885,-
I,39916,G
I,39917,G
D,39919,-
I,39920,C
I,39922,G
D,39927,-
D,39929,-
D,39930,-
I,39931,G
I,39932,G
D,39941,-
I,39942,T
I,40000,G
I,40004,C
I,40005,T
D,40007,-
D,40011,-
D,40013,-
I,40032,T
I,40033,C
I,40035,A
I,40036,A
D,40043,-
I,40046,A
D,40048,-
D,40050,-
D,40051,-
D,40063,-
I,40066,C
D,40091,-
I,40093,A
D,40137,-
I,40138,A
D,40180,-
D,40183,-
I,40184,G
D,40186,-
D,40187,-
D,40189,-
I,40206,G
I,40208,A
I,40210,C
I,40211,C
I,40211,G
I,40212,C
I,40213,C
I,40214,T
I,40215,C
I,40216,T
I,40219,A
I,40225,T
D,40227,-
D,40228,-
D,40229,-
D,40231,-
D,40232,-
D,40234,-
D,40235,-
D,40249,-
D,40254,-
D,40275,-
I,40277,T
D,40294,-
D,40295,-
D,40297,-
I,40299,C
I,40300,G
I,40302,T
D,40324,-
I,40325,G
D,40396,-
I,40409,A
I,40411,G
D,40421,-
D,40434,-
I,40436,T
D,40473,-
I,40474,T
I,40497,T
D,40499,-
D,40525,-
I,40526,A
D,40535,-
D,40536,-
I,40542,C
I,40543,C
D,40551,-
I,40552,C
D,40593,-
D,40594,-
D,40595,-
I,40625,G
D,40627,-
I,40640,T
I,40641,T
D,40660,-
D,40664,-
I,40666,G
I,40669,C
I,40670,C
D,40674,-
D,40696,-
I,40697,A
D,40703,-
D,40704,-
I,40723,G
I,40724,G
D,40747,-
I,40748,G
I,40750,A
I,40751,G
I,40752,C
D,40755,-
D,40761,-
I,40762,A
I,40764,A
I,40767,G
D,40769,-
D,40770,-
I,40771,A
I,40773,G
I,40774,A
D,40779,-
I,40782,A
D,40853,-
D,40858,-
I,40859,T
D,40862,-
D,40864,-
D,40867,-
I,40869,C
I,40870,C
I,40874,T
D,40906,-
D,40907,-
I,40910,T
I,40911,T
D,40958,-
I,40959,A
D,40991,-
I,40992,T
I,41047,T
D,41049,-
D,41055,-
D,41056,-
I,41058,G
I,41061,T
I,41063,A
D,41070,-
D,41087,-
I,41146,C
D,41148,-
I,41151,T
D,41180,-
I,41238,C
I,41241,G
I,41242,C
D,41260,-
I,41261,G
D,41263,-
D,41270,-
I,41272,A
D,41277,-
D,41279,-
I,41289,C
D,41318,-
D,41319,-
D,41327,-
D,41349,-
D,41371,-
I,41372,C
D,41381,-
I,41382,C
D,41385,-
I,41387,C
D,41402,-
D,41427,-
D,41432,-
D,41433,-
I,41436,T
I,41438,A
D,41451,-
I,41452,C
D,41456,-
D,41457,-
I,41458,T
I,41459,T
D,41482,-
I,41484,A
D,41492,-
D,41493,-
I,41495,T
I,41496,C
D,41511,-
I,41512,G
D,41565,-
I,41655,T
I,41672,C
D,41676,-
I,41689,A
D,41703,-
D,41704,-
I,41714,G
D,41802,-
I,41803,T
D,41813,-
D,41814,-
D,41815,-
I,41817,A
I,41819,C
I,41820,G
I,41826,T
I,41827,T
I,41828,C
I,41830,G
I,41833,A
I,41834,A
D,41866,-
I,41868,C
D,41871,-
I,41872,G
I,41874,C
I,41875,G
D,41877,-
D,41878,-
D,41879,-
I,41880,T
D,41886,-
D,41888,-
D,41889,-
D,41892,-
D,41893,-
I,41895,A
I,41896,A
D,41900,-
D,41901,-
D,41902,-
I,41914,G
I,41915,T
I,41916,G
D,41943,-
I,41944,C
I,41946,G
D,41948,-
I,41950,T
D,41953,-
D,41955,-
I,41956,C
D,41958,-
D,41960,-
D,41961,-
D,41963,-
I,41965,A
I,41969,G
I,41972,C
D,41974,-
I,41976,T
I,41978,C
I,41980,C
I,41985,C
D,41987,-
D,41988,-
D,41989,-
D,41990,-
D,41991,-
D,42001,-
I,42002,G
D,42004,-
I,42006,G
I,42007,G
I,42010,G
I,42011,G
D,42042,-
D,42045,-
I,42046,G
I,42047,G
D,42049,-
D,42052,-
D,42053,-
I,42062,C
I,42063,G
D,42066,-
I,42071,G
I,42072,G
I,42073,C
D,42078,-
D,42079,-
I,42098,T
I,42107,G
D,42134,-
D,42162,-
D,42174,-
D,42210,-
I,42223,T
D,42225,-
D,42296,-
D,42297,-
D,42360,-
I,42361,A
I,42374,G
I,42376,C
D,42385,-
I,42386,A
D,42390,-
D,42391,-
D,42393,-
D,42394,-
I,42395,C
I,42396,C
I,42399,C
D,42401,-
D,42402,-
D,42414,-
D,42417,-
D,42418,-
D,42421,-
D,42422,-
I,42424,T
I,42425,A
I,42428,T
I,42429,T
I,42430,G
D,42438,-
D,42439,-
D,42440,-
D,42441,-
D,42442,-
I,42449,C
I,42450,T
I,42451,C
I,42456,T
I,42457,T
D,42504,-
D,42505,-
I,42507,T
I,42508,A
I,42516,A
I,42522,T
I,42523,T
D,42564,-
I,42565,T
D,42578,-
D,42579,-
D,42580,-
D,42582,-
D,42583,-
D,42586,-
D,42588,-
I,42590,G
I,42593,A
D,42597,-
D,42605,-
I,42607,C
I,42608,T
I,42609,C
I,42610,T
I,42613,C
I,42641,G
D,42643,-
D,42644,-
D,42645,-
I,42647,T
I,42650,A
I,42652,T
I,42654,G
I,42655,G
I,42657,A
I,42659,T
D,42661,-
D,42662,-
D,42670,-
D,42712,-
D,42713,-
D,42724,-
D,42726,-
D,42727,-
I,42730,T
I,42732,A
I,42733,G
I,42735,A
I,42736,T
D,42746,-
D,42747,-
I,42749,G
D,42752,-
I,42753,G
I,42757,G
I,42758,A
D,42760,-
D,42761,-
D,42766,-
I,42805,G
D,42807,-
I,42808,T
I,42813,A
I,42814,A
D,42820,-
D,42821,-
I,42840,A
I,42841,A
I,42842,C
I,42843,T
D,42855,-
I,42857,G
D,42870,-
I,42876,G
D,42879,-
D,42880,-
D,42897,-
I,42898,G
D,42914,-
D,42916,-
I,42917,T
I,42919,C
I,42920,C
I,42921,T
I,42924,A
D,42948,-
D,42949,-
D,42950,-
D,42951,-
I,42953,T
I,42955,A
I,42958,C
D,42962,-
D,42965,-
D,42966,-
D,42980,-
I,42986,T
I,42988,C
I,42991,C
I,42992,A
I,42993,A
I,42995,G
D,43004,-
I,43006,A
I,43007,T
I,43011,C
D,43013,-
D,43014,-
D,43017,-
I,43018,A
D,43070,-
I,43072,T
I,43117,G
I,43118,C
D,43120,-
D,43121,-
I,43143,C
D,43145,-
D,43146,-
D,43159,-
D,43162,-
I,43163,A
D,43189,-
I,43192,T
I,43219,T
D,43221,-
I,43225,G
I,43227,T
D,43230,-
I,43231,T
D,43235,-
D,43255,-
I,43280,T
I,43281,T
I,43282,A
I,43283,C
D,43295,-
D,43296,-
D,43297,-
D,43304,-
I,43305,C
I,43322,C
I,43324,C
I,43325,G
I,43328,T
D,43330,-
D,43339,-
D,43345,-
I,43346,T
I,43348,C
I,43349,T
I,43350,G
I,43351,T
D,43354,-
D,43361,-
D,43363,-
D,43370,-
D,43376,-
I,43377,C
D,43379,-
D,43392,-
I,43413,C
I,43418,G
I,43419,G
I,43420,A
I,43421,A
I,43422,T
D,43425,-
I,43472,G
D,43474,-
D,43498,-
I,43500,T
D,43519,-
I,43526,T
D,43545,-
D,43546,-
D,43549,-
D,43550,-
I,43551,C
D,43553,-
I,43555,A
I,43572,A
D,43576,-
I,43622,G
I,43623,C
I,43626,A
I,43627,A
I,43629,G
D,43636,-
D,43649,-
I,43656,T
D,43659,-
I,43660,A
D,43663,-
D,43665,-
D,43667,-
I,43668,T
I,43670,A
I,43683,G
I,43686,C
D,43690,-
D,43691,-
D,43698,-
D,43702,-
I,43712,G
I,43713,T
I,43716,C
I,43730,C
D,43732,-
I,43779,C
I,43780,C
D,43782,-
D,43783,-
I,43795,G
D,43808,-
I,43810,G
I,43811,G
D,43813,-
I,43816,T
I,43817,G
I,43819,T
I,43821,C
I,43822,C
D,43825,-
D,43826,-
D,43828,-
D,43831,-
I,43833,T
D,43835,-
D,43836,-
I,43840,A
D,43842,-
D,43843,-
D,43845,-
D,43846,-
I,43848,C
D,43850,-
D,43851,-
D,43864,-
D,43865,-
I,43867,A
D,43869,-
I,43870,C
I,43873,A
D,43878,-
I,43879,T
I,43880,C
D,43882,-
D,43903,-
D,43904,-
I,43949,A
D,43952,-
D,43965,-
D,43980,-
I,43981,A
I,44016,C
I,44018,A
I,44022,C
I,44023,A
D,44025,-
D,44028,-
D,44029,-
D,44031,-
D,44040,-
D,44048,-
I,44050,T
D,44055,-
I,44064,A
I,44186,T
I,44187,G
I,44188,A
D,44201,-
D,44203,-
D,44217,-
D,44224,-
D,44225,-
D,44227,-
D,44228,-
D,44231,-
D,44233,-
D,44234,-
D,44235,-
D,44245,-
D,44246,-
D,44248,-
I,44250,A
I,44251,A
I,44252,A
I,44280,G
I,44281,G
D,44281,-
I,44282,T
I,44284,C
D,44286,-
I,44287,T
I,44295,A
D,44298,-
D,44299,-
D,44305,-
I,44306,C
D,44330,-
D,44356,-
D,44367,-
I,44368,A
I,44372,C
I,44374,G
D,44376,-
I,44377,C
D,44379,-
D,44381,-
I,44384,G
I,44400,T
I,44411,G
D,44414,-
D,44416,-
I,44417,T
I,44420,T
I,44422,C
I,44425,C
I,44426,C
I,44427,G
D,44429,-
D,44430,-
D,44431,-
I,44433,T
D,44435,-
D,44442,-
I,44444,G
D,44450,-
I,44452,T
D,44462,-
I,44462,G
I,44464,T
I,44466,G
D,44470,-
I,44471,C
D,44473,-
D,44475,-
D,44476,-
D,44481,-
D,44494,-
D,44495,-
D,44504,-
D,44505,-
I,44506,C
I,44507,C
I,44514,A
D,44516,-
I,44518,C
I,44520,A
I,44521,A
I,44523,T
I,44552,G
D,44555,-
D,44556,-
I,44557,G
I,44566,G
D,44569,-
I,44579,A
I,44580,A
D,44585,-
I,44608,A
D,44621,-
I,44624,G
D,44625,-
D,44626,-
I,44628,G
D,44643,-
I,44646,C
D,44648,-
I,44651,T
I,44652,A
I,44653,A
I,44654,T
D,44657,-
D,44658,-
D,44659,-
I,44667,G
D,44669,-
I,44670,T
D,44690,-
D,44691,-
D,44693,-
I,44695,A
I,44697,G
D,44703,-
I,44704,T
I,44705,C
D,44721,-
I,44761,T
I,44764,G
D,44798,-
I,44799,T
I,44813,C
D,44816,-
D,44817,-
D,44818,-
D,44828,-
I,44829,T
I,44863,T
I,44865,G
D,44885,-
I,44886,G
D,44890,-
D,44891,-
I,44892,T
I,44895,T
I,44946,A
D,44991,-
I,44993,C
I,44996,T
D,44998,-
D,45017,-
I,45018,A
I,45020,G
D,45022,-
I,45024,A
I,45026,T
I,45029,T
D,45044,-
I,45045,A
D,45086,-
D,45114,-
D,45116,-
I,45117,C
D,45134,-
D,45143,-
I,45144,G
I,45166,G
D,45169,-
D,45196,-
D,45208,-
I,45210,A
I,45211,A
I,45212,A
I,45214,T
D,45218,-
I,45219,A
D,45241,-
D,45243,-
I,45252,A
D,45275,-
I,45276,G
D,45279,-
I,45282,T
D,45285,-
D,45287,-
D,45299,-
D,45306,-
I,45307,C
I,45308,C
D,45336,-
I,45348,G
D,45350,-
I,45354,C
I,45355,A
D,45357,-
D,45363,-
I,45364,C
D,45370,-
D,45371,-
D,45372,-
D,45373,-
D,45374,-
I,45387,C
I,45388,T
D,45390,-
D,45407,-
D,45408,-
D,45416,-
I,45417,C
I,45424,T
I,45425,T
D,45427,-
D,45428,-
I,45433,G
I,45434,G
I,45435,C
D,45437,-
I,45438,G
I,45440,C
I,45442,C
I,45446,G
D,45449,-
I,45450,C
D,45453,-
D,45460,-
I,45479,A
D,45498,-
I,45500,T
I,45510,C
I,45511,C
D,45542,-
I,45543,A
D,45564,-
I,45597,C
D,45622,-
I,45623,T
D,45633,-
D,45644,-
I,45645,G
D,45654,-
I,45655,T
I,45676,A
I,45677,T
I,45680,A
I,45681,C
I,45682,A
D,45690,-
D,45692,-
I,45693,A
I,45694,T
D,45718,-
D,45720,-
D,45721,-
D,45722,-
D,45727,-
I,45736,A
I,45758,T
I,45759,C
D,45763,-
D,45768,-
D,45771,-
D,45774,-
I,45775,A
D,45777,-
I,45778,A
D,45782,-
I,45790,T
D,45793,-
I,45794,T
D,45796,-
D,45798,-
D,45799,-
D,45807,-
D,45808,-
D,45809,-
I,45810,G
I,45811,G
I,45815,T
I,45816,T
I,45817,T
I,45818,G
D,45825,-
I,45826,A
D,45858,-
D,45859,-
I,45866,C
I,45867,G
I,45907,C
D,45909,-
D,45926,-
D,45940,-
D,45953,-
I,45954,C
D,45957,-
D,45958,-
D,45963,-
I,45964,A
D,45968,-
I,45969,A
D,45979,-
I,45980,T
I,45981,T
I,45982,T
D,45984,-
D,45985,-
D,46103,-
I,46105,C
I,46163,T
I,46164,G
I,46165,C
I,46169,G
D,46187,-
D,46188,-
D,46190,-
D,46191,-
D,46192,-
D,46193,-
D,46196,-
I,46198,A
D,46199,-
D,46200,-
D,46203,-
I,46205,T
D,46207,-
I,46209,A
I,46210,A
I,46211,G
I,46213,C
D,46215,-
I,46216,A
I,46219,C
I,46222,C
D,46226,-
D,46228,-
D,46230,-
D,46238,-
I,46239,A
I,46247,A
D,46249,-
D,46252,-
I,46253,T
I,46253,T
I,46256,G
I,46257,A
D,46259,-
I,46261,G
I,46262,A
D,46276,-
I,46278,T
I,46279,G
D,46282,-
D,46285,-
D,46286,-
D,46287,-
D,46307,-
I,46310,G
D,46325,-
D,46326,-
I,46328,C
I,46329,C
D,46347,-
I,46348,A
D,46381,-
I,46387,C
D,46390,-
D,46391,-
I,46392,C
D,46448,-
D,46478,-
D,46514,-
D,46515,-
D,46517,-
D,46521,-
D,46523,-
I,46524,G
I,46525,G
I,46526,G
I,46528,T
D,46544,-
D,46553,-
I,46554,A
I,46581,C
D,46583,-
I,46612,A
D,46615,-
D,46624,-
D,46663,-
I,46689,A
D,46704,-
D,46740,-
I,46742,A
D,46776,-
I,46797,C
I,46801,C
I,46803,T
I,46805,C
D,46807,-
I,46808,G
D,46810,-
D,46811,-
D,46822,-
D,46831,-
D,46835,-
I,46836,T
D,46845,-
D,46847,-
D,46850,-
D,46863,-
I,46868,C
I,46869,A
I,46871,T
I,46872,G
D,46883,-
D,46885,-
I,46886,G
I,46887,C
I,46888,C
D,46890,-
I,46956,G
I,46958,G
I,46959,A
I,46960,A
I,46961,A
D,46991,-
I,46992,G
D,47000,-
I,47002,A
D,47009,-
I,47010,A
I,47011,T
D,47013,-
D,47014,-
D,47015,-
D,47016,-
D,47017,-
D,47018,-
D,47047,-
D,47062,-
D,47063,-
I,47064,C
I,47065,C
D,47095,-
D,47098,-
D,47099,-
D,47113,-
I,47114,G
I,47144,A
D,47146,-
D,47152,-
D,47153,-
I,47156,T
D,47224,-
D,47311,-
I,47312,T
D,47314,-
D,47315,-
D,47317,-
D,47322,-
D,47324,-
I,47325,G
I,47327,C
I,47328,G
I,47338,G
I,47404,C
D,47408,-
D,47422,-
I,47492,C
I,47494,T
I,47625,A
D,47680,-
D,47681,-
I,47696,A
I,47697,G
D,47701,-
I,47748,A
D,47769,-
I,47773,A
D,47778,-
I,47779,G
I,47785,A
I,47814,A
I,47824,A
D,47827,-
D,47848,-
D,47850,-
D,47851,-
D,47853,-
D,47855,-
D,47856,-
D,47869,-
I,47880,C
D,47882,-
I,47889,A
I,47890,C
I,47892,G
D,47894,-
I,47895,A
I,47896,C
D,47898,-
I,47904,G
I,47909,G
I,47932,A
I,47933,T
I,47935,T
I,47936,G
I,47938,G
D,47952,-
D,47962,-
I,47964,G
I,47970,A
I,47971,A
D,47973,-
I,47976,C
D,47978,-
D,47980,-
D,47982,-
D,47984,-
I,47986,T
I,47987,A
I,47988,A
D,47991,-
I,47994,G
I,48049,A
D,48052,-
I,48098,G
I,48099,A
I,48100,T
I,48101,G
I,48102,T
I,48103,A
I,48107,T
I,48108,A
I,48110,A
D,48112,-
I,48119,G
I,48120,G
D,48123,-
D,48125,-
D,48126,-
D,48140,-
D,48142,-
D,48144,-
D,48145,-
D,48148,-
D,48149,-
I,48151,G
I,48152,G
D,48157,-
D,48161,-
D,48165,-
I,48166,T
D,48168,-
I,48169,A
D,48171,-
I,48194,C
D,48215,-
D,48216,-
I,48221,A
D,48223,-
I,48226,G
I,48227,G
D,48229,-
D,48230,-
D,48234,-
D,48237,-
I,48240,A
I,48246,G
D,48248,-
D,48276,-
D,48288,-
I,48307,T
D,48319,-
D,48321,-
D,48322,-
D,48323,-
I,48325,A
D,48327,-
I,48328,A
I,48329,A
I,48330,A
I,48334,C
I,48335,A
D,48338,-
D,48339,-
D,48340,-
D,48343,-
I,48344,A
I,48347,T
D,48350,-
I,48366,A
D,48370,-
I,48371,A
I,48372,A
I,48378,C
D,48385,-
I,48388,A
I,48389,A
I,48390,G
I,48391,C
I,48392,G
D,48400,-
D,48401,-
I,48403,C
I,48404,T
D,48407,-
I,48415,C
D,48417,-
D,48418,-
D,48420,-
I,48425,G
I,48428,C
D,48430,-
